,2_digit_naics,3_digit_naics,industry,total_wages,avg_employment,avg_wage,year
0,11,nan,"Agriculture, forestry, fishing and hunting",183124841,2381,76911,2011
1,11,111.0,Crop production,24945810,920,27115,2011
2,11,112.0,Animal production,6037364,196,30803,2011
3,11,113.0,Forestry and logging,25561250,139,183894,2011
4,11,114.0,"Fishing, hunting and trapping",120168137,904,132929,2011
5,11,115.0,Agriculture and forestry support activities,6412280,223,28755,2011
6,23,nan,Construction,2808452889,46069,60962,2011
7,23,236.0,Construction of buildings,769874687,12132,63458,2011
8,23,237.0,Heavy and civil engineering construction,393595654,5121,76859,2011
9,23,238.0,Specialty trade contractors,1644982548,28816,57086,2011
10,31-33,nan,Manufacturing,7791789006,99547,78272,2011
11,31,311.0,Food manufacturing,577437796,10978,52600,2011
12,31,312.0,Beverage and tobacco product manufacturing,89209528,1629,54763,2011
13,31,313.0,Textile mills,1919040,46,41718,2011
14,31,314.0,Textile product mills,41822850,994,42075,2011
15,31,315.0,Apparel manufacturing,44460696,1130,39346,2011
16,31,316.0,Leather and allied product manufacturing,5083503,122,41668,2011
17,32,321.0,Wood product manufacturing,38084048,756,50376,2011
18,32,322.0,Paper manufacturing,73379788,1331,55131,2011
19,32,323.0,Printing and related support activities,160977818,3217,50040,2011
20,32,324.0,Petroleum and coal products manufacturing,5319052,76,69988,2011
21,32,325.0,Chemical manufacturing,108505007,1177,92188,2011
22,32,326.0,Plastics and rubber products manufacturing,99776469,2200,45353,2011
23,32,327.0,Nonmetallic mineral product manufacturing,142626333,2715,52533,2011
24,33,331.0,Primary metal manufacturing,55419995,811,68335,2011
25,33,332.0,Fabricated metal product manufacturing,280907328,5596,50198,2011
26,33,333.0,Machinery manufacturing,313745724,4745,66121,2011
27,33,334.0,Computer and electronic product manufacturing,698806828,8125,86007,2011
28,33,335.0,Electrical equipment and appliance mfg.,88499547,1298,68181,2011
29,33,336.0,Transportation equipment manufacturing,4559851824,45725,99723,2011
30,33,337.0,Furniture and related product manufacturing,49062058,1213,40447,2011
31,33,339.0,Miscellaneous manufacturing,356893774,5662,63033,2011
32,42,nan,Wholesale trade,4467095836,58207,76745,2011
33,42,423.0,"Merchant wholesalers, durable goods",2298333203,29238,78608,2011
34,42,424.0,"Merchant wholesalers, nondurable goods",1158287774,17924,64622,2011
35,42,425.0,Electronic markets and agents and broker,1010474859,11045,91487,2011
36,44-45,nan,Retail trade,4117982594,107787,38205,2011
37,44,441.0,Motor vehicle and parts dealers,489944064,9980,49093,2011
38,44,442.0,Furniture and home furnishings stores,146452510,4129,35469,2011
39,44,443.0,Electronics and appliance stores,168866178,3888,43433,2011
40,44,444.0,Building material and garden supply stores,234294879,6923,33843,2011
41,44,445.0,Food and beverage stores,608281062,21002,28963,2011
42,44,446.0,Health and personal care stores,219419180,5845,37540,2011
43,44,447.0,Gasoline stations,58662857,2728,21504,2011
44,44,448.0,Clothing and clothing accessories stores,209855892,9813,21385,2011
45,45,451.0,"Sporting goods, hobby, book and music stores",131191614,6104,21493,2011
46,45,452.0,General merchandise stores,625298394,19360,32298,2011
47,45,453.0,Miscellaneous store retailers,188357817,7250,25980,2011
48,45,454.0,Nonstore retailers,1037358147,10767,96346,2011
49,48-49,nan,Transportation and warehousing,2343746298,41373,56649,2011
50,48,481.0,Air transportation,716799489,9771,73360,2011
51,48,483.0,Water transportation,213196688,2854,74701,2011
52,48,484.0,Truck transportation,280462422,6462,43402,2011
53,48,485.0,Transit and ground passenger transportation,94453930,3223,29306,2011
54,48,487.0,Scenic and sightseeing transportation,18492781,499,37060,2011
55,48,488.0,Support activities for transportation,616593994,9739,63312,2011
56,49,491.0,Postal service,3703066,126,29389,2011
57,49,492.0,Couriers and messengers,208591832,5145,40543,2011
58,49,493.0,Warehousing and storage,179793826,3442,52235,2011
59,51,nan,Information,11158646483,79862,139724,2011
60,51,511.0,"Publishing industries, except Internet",8720363456,53076,164300,2011
61,51,512.0,Motion picture and sound recording industries,82320685,2427,33919,2011
62,51,515.0,"Broadcasting, except Internet",175921416,2305,76322,2011
63,51,516.0,Internet publishing and broadcasting,0,0,0,2011
64,51,517.0,Telecommunications,1210125738,12398,97607,2011
65,51,518.0,"ISPs, search portals, and data processing",228898910,3005,76173,2011
66,51,519.0,Other information services,741016278,6650,111431,2011
67,52,nan,Finance and insurance,3830732518,42134,90918,2011
68,52,522.0,Credit intermediation and related activities,1209754756,16016,75534,2011
69,52,523.0,"Securities, commodity contracts, investments",1071989455,7708,139075,2011
70,52,524.0,Insurance carriers and related activities,1529603427,18159,84234,2011
71,53,nan,Real estate and rental and leasing,1110055962,22311,49754,2011
72,53,531.0,Real estate,898155608,17865,50275,2011
73,53,532.0,Rental and leasing services,204877944,4335,47261,2011
74,53,533.0,Lessors of nonfinancial intangible asset,7022410,111,63265,2011
75,54,nan,Professional and technical services,8353270183,96405,86648,2011
76,54,541.0,Professional and technical services,8353270183,96405,86648,2011
77,55,nan,Management of companies and enterprises,2554222514,23426,109034,2011
78,55,551.0,Management of companies and enterprises,2554222514,23426,109034,2011
79,56,nan,Administrative and waste services,2941787256,62177,47313,2011
80,56,561.0,Administrative and support services,2783232696,59314,46924,2011
81,56,562.0,Waste management and remediation service,158554560,2863,55381,2011
82,61,nan,Educational services,652806880,17948,36372,2011
83,61,611.0,Educational services,652806880,17948,36372,2011
84,62,nan,Health care and social assistance,6026599188,117345,51358,2011
85,62,621.0,Ambulatory health care services,2784121609,47206,58978,2011
86,62,622.0,Hospitals,2061086841,27859,73983,2011
87,62,623.0,Nursing and residential care facilities,594868345,19252,30899,2011
88,62,624.0,Social assistance,586522393,23028,25470,2011
89,71,nan,"Arts, entertainment, and recreation",720545646,21642,33294,2011
90,71,711.0,Performing arts and spectator sports,392654598,5889,66676,2011
91,71,712.0,"Museums, historical sites, zoos, and parks",58533377,1712,34190,2011
92,71,713.0,"Amusements, gambling, and recreation",269357671,14041,19184,2011
93,72,nan,Accommodation and food services,1888113845,88430,21352,2011
94,72,721.0,Accommodation,382813404,12827,29844,2011
95,72,722.0,Food services and drinking places,1505300441,75603,19911,2011
96,81,nan,"Other services, except public administration",1610720974,52592,30627,2011
97,81,811.0,Repair and maintenance,349268630,7990,43713,2011
98,81,812.0,Personal and laundry services,371975732,12957,28708,2011
99,81,813.0,Membership associations and organization,590082206,12698,46470,2011
100,81,814.0,Private households,299394406,18946,15803,2011
0,TOTAL,nan,Total,76570388321,1163214,65827,2012
1,11,nan,"Agriculture, forestry, fishing and hunting",205142098,2483,82619,2012
2,11,111.0,Crop production,27097520,983,27566,2012
3,11,112.0,Animal production,6287167,210,29939,2012
4,11,113.0,Forestry and logging,41761469,132,316375,2012
5,11,114.0,"Fishing, hunting and trapping",124160196,945,131386,2012
6,11,115.0,Agriculture and forestry support activities,5835746,213,27398,2012
7,23,nan,Construction,2963746791,48425,61203,2012
8,23,236.0,Construction of buildings,839832125,12922,64992,2012
9,23,237.0,Heavy and civil engineering construction,453671455,5824,77897,2012
10,23,238.0,Specialty trade contractors,1670243211,29679,56277,2012
11,31-33,nan,Manufacturing,8106256922,102536,79058,2012
12,31,311.0,Food manufacturing,591907700,10970,53957,2012
13,31,312.0,Beverage and tobacco product manufacturing,97556165,1761,55398,2012
14,31,313.0,Textile mills,1712759,43,39832,2012
15,31,314.0,Textile product mills,43498967,993,43806,2012
16,31,315.0,Apparel manufacturing,48295796,1167,41385,2012
17,31,316.0,Leather and allied product manufacturing,4638724,120,38656,2012
18,32,321.0,Wood product manufacturing,35223838,716,49195,2012
19,32,322.0,Paper manufacturing,72730912,1289,56424,2012
20,32,323.0,Printing and related support activities,157903987,3125,50529,2012
21,32,324.0,Petroleum and coal products manufacturing,5641967,76,74236,2012
22,32,325.0,Chemical manufacturing,83763814,1220,68659,2012
23,32,326.0,Plastics and rubber products manufacturing,99244493,2221,44685,2012
24,32,327.0,Nonmetallic mineral product manufacturing,154035258,2869,53690,2012
25,33,331.0,Primary metal manufacturing,66228283,820,80766,2012
26,33,332.0,Fabricated metal product manufacturing,321641885,6093,52789,2012
27,33,333.0,Machinery manufacturing,342119642,5089,67227,2012
28,33,334.0,Computer and electronic product manufacturing,683649975,7719,88567,2012
29,33,335.0,Electrical equipment and appliance mfg.,94563647,1415,66829,2012
30,33,336.0,Transportation equipment manufacturing,4789643562,48035,99712,2012
31,33,337.0,Furniture and related product manufacturing,44713410,1131,39534,2012
32,33,339.0,Miscellaneous manufacturing,367542138,5667,64857,2012
33,42,nan,Wholesale trade,4614376722,58610,78730,2012
34,42,423.0,"Merchant wholesalers, durable goods",2326480478,28989,80254,2012
35,42,424.0,"Merchant wholesalers, nondurable goods",1187326540,18016,65904,2012
36,42,425.0,Electronic markets and agents and broker,1100569704,11605,94836,2012
37,44-45,nan,Retail trade,4626564319,112385,41167,2012
38,44,441.0,Motor vehicle and parts dealers,509654262,10156,50183,2012
39,44,442.0,Furniture and home furnishings stores,162063020,4357,37196,2012
40,44,443.0,Electronics and appliance stores,167488036,3734,44855,2012
41,44,444.0,Building material and garden supply stores,240768207,6975,34519,2012
42,44,445.0,Food and beverage stores,634494112,21466,29558,2012
43,44,446.0,Health and personal care stores,229131194,5992,38240,2012
44,44,447.0,Gasoline stations,59017799,2725,21658,2012
45,44,448.0,Clothing and clothing accessories stores,208115653,9592,21697,2012
46,45,451.0,"Sporting goods, hobby, book and music stores",132435455,6061,21850,2012
47,45,452.0,General merchandise stores,631582194,19786,31921,2012
48,45,453.0,Miscellaneous store retailers,199560969,7404,26953,2012
49,45,454.0,Nonstore retailers,1452253418,14137,102727,2012
50,48-49,nan,Transportation and warehousing,2388888776,41674,57323,2012
51,48,481.0,Air transportation,752774729,10073,74732,2012
52,48,483.0,Water transportation,217324461,3093,70263,2012
53,48,484.0,Truck transportation,290287381,6455,44971,2012
54,48,485.0,Transit and ground passenger transportation,102201146,3323,30756,2012
55,48,487.0,Scenic and sightseeing transportation,22513631,537,41925,2012
56,48,488.0,Support activities for transportation,587045516,9406,62412,2012
57,49,492.0,Couriers and messengers,215469584,5260,40964,2012
58,49,493.0,Warehousing and storage,184993088,3280,56400,2012
59,51,nan,Information,12457135020,80889,154003,2012
60,51,511.0,"Publishing industries, except Internet",9711665531,53896,180193,2012
61,51,512.0,Motion picture and sound recording industries,79149297,2422,32679,2012
62,51,515.0,"Broadcasting, except Internet",182392024,2292,79578,2012
63,51,516.0,Internet publishing and broadcasting,0,0,0,2012
64,51,517.0,Telecommunications,1287466388,11507,111885,2012
65,51,518.0,"ISPs, search portals, and data processing",262546598,3416,76858,2012
66,51,519.0,Other information services,933915182,7356,126960,2012
67,52,nan,Finance and insurance,3912493206,40476,96662,2012
68,52,522.0,Credit intermediation and related activities,1340485070,15932,84138,2012
69,52,523.0,"Securities, commodity contracts, investments",1114474210,7660,145493,2012
70,52,524.0,Insurance carriers and related activities,1436823710,16639,86353,2012
71,53,nan,Real estate and rental and leasing,1189657082,22835,52098,2012
72,53,531.0,Real estate,986696921,18516,53289,2012
73,53,532.0,Rental and leasing services,195495752,4214,46392,2012
74,53,533.0,Lessors of nonfinancial intangible asset,7464409,106,70419,2012
75,54,nan,Professional and technical services,9058672396,100496,90140,2012
76,54,541.0,Professional and technical services,9058672396,100496,90140,2012
77,55,nan,Management of companies and enterprises,2916569660,25907,112578,2012
78,55,551.0,Management of companies and enterprises,2916569660,25907,112578,2012
79,56,nan,Administrative and waste services,3185993825,63546,50137,2012
80,56,561.0,Administrative and support services,3035410386,60889,49852,2012
81,56,562.0,Waste management and remediation service,150583439,2657,56674,2012
82,61,nan,Educational services,671000316,18329,36609,2012
83,61,611.0,Educational services,671000316,18329,36609,2012
84,62,nan,Health care and social assistance,6287176032,119798,52481,2012
85,62,621.0,Ambulatory health care services,2924861449,48049,60872,2012
86,62,622.0,Hospitals,2118437957,27948,75799,2012
87,62,623.0,Nursing and residential care facilities,621456513,19879,31262,2012
88,62,624.0,Social assistance,622420113,23921,26020,2012
89,71,nan,"Arts, entertainment, and recreation",735048530,22140,33200,2012
90,71,711.0,Performing arts and spectator sports,396335626,5972,66366,2012
91,71,712.0,"Museums, historical sites, zoos, and parks",60938359,1790,34044,2012
92,71,713.0,"Amusements, gambling, and recreation",277774545,14377,19321,2012
93,72,nan,Accommodation and food services,2017462734,91728,21994,2012
94,72,721.0,Accommodation,391825401,12928,30308,2012
95,72,722.0,Food services and drinking places,1625637333,78800,20630,2012
96,81,nan,"Other services, except public administration",1690543505,53080,31849,2012
97,81,811.0,Repair and maintenance,358575783,8075,44406,2012
98,81,812.0,Personal and laundry services,401680790,13684,29354,2012
99,81,813.0,Membership associations and organization,631820389,12976,48691,2012
100,81,814.0,Private households,298466543,18346,16269,2012
101,GOV,nan,GOVERNMENT,9404554173,156204,60207,2012
102,NEC,nan,NOT ELSEWHERE CLASSIFIED,139106214,1673,83148,2012
0,TOTAL,nan,Total,80603607909,1198734,67241,2013
1,11,nan,"Agriculture, forestry, fishing and hunting",167498179,2312,72447,2013
2,11,111.0,Crop production,27205347,928,29316,2013
3,11,112.0,Animal production,6332242,209,30298,2013
4,11,113.0,Forestry and logging,28572171,139,205555,2013
5,11,114.0,"Fishing, hunting and trapping",100207479,870,115181,2013
6,11,115.0,Agriculture and forestry support activities,5180940,167,31024,2013
7,23,nan,Construction,3243794771,52516,61768,2013
8,23,236.0,Construction of buildings,927173370,14294,64865,2013
9,23,237.0,Heavy and civil engineering construction,465746114,6048,77008,2013
10,23,238.0,Specialty trade contractors,1850875287,32174,57527,2013
11,31-33,nan,Manufacturing,8548650254,104961,81446,2013
12,31,311.0,Food manufacturing,583738335,11106,52561,2013
13,31,312.0,Beverage and tobacco product manufacturing,99881642,1867,53498,2013
14,31,313.0,Textile mills,1694955,47,36063,2013
15,31,314.0,Textile product mills,45045692,1017,44293,2013
16,31,315.0,Apparel manufacturing,45779907,1094,41846,2013
17,31,316.0,Leather and allied product manufacturing,7054686,179,39412,2013
18,32,321.0,Wood product manufacturing,34610191,659,52519,2013
19,32,322.0,Paper manufacturing,76593255,1332,57502,2013
20,32,323.0,Printing and related support activities,158281435,3109,50911,2013
21,32,324.0,Petroleum and coal products manufacturing,6645269,75,88604,2013
22,32,325.0,Chemical manufacturing,87046708,1239,70256,2013
23,32,326.0,Plastics and rubber products manufacturing,101671433,2250,45187,2013
24,32,327.0,Nonmetallic mineral product manufacturing,161357192,2933,55014,2013
25,33,331.0,Primary metal manufacturing,57170870,823,69466,2013
26,33,332.0,Fabricated metal product manufacturing,330380672,6319,52284,2013
27,33,333.0,Machinery manufacturing,371581733,5527,67230,2013
28,33,334.0,Computer and electronic product manufacturing,709167288,7873,90076,2013
29,33,335.0,Electrical equipment and appliance mfg.,104962202,1542,68069,2013
30,33,336.0,Transportation equipment manufacturing,5134085515,49079,104609,2013
31,33,337.0,Furniture and related product manufacturing,46797392,1132,41340,2013
32,33,339.0,Miscellaneous manufacturing,385103882,5760,66858,2013
33,42,nan,Wholesale trade,4688932514,59459,78860,2013
34,42,423.0,"Merchant wholesalers, durable goods",2362170551,29401,80343,2013
35,42,424.0,"Merchant wholesalers, nondurable goods",1181083876,18003,65605,2013
36,42,425.0,Electronic markets and agents and broker,1143640438,12056,94861,2013
37,44-45,nan,Retail trade,5287622449,119036,44420,2013
38,44,441.0,Motor vehicle and parts dealers,541587745,10370,52226,2013
39,44,442.0,Furniture and home furnishings stores,169526241,4392,38599,2013
40,44,443.0,Electronics and appliance stores,176937315,3779,46821,2013
41,44,444.0,Building material and garden supply stores,269792104,7719,34952,2013
42,44,445.0,Food and beverage stores,678359148,22467,30194,2013
43,44,446.0,Health and personal care stores,235979398,5830,40477,2013
44,44,447.0,Gasoline stations,60001402,2773,21638,2013
45,44,448.0,Clothing and clothing accessories stores,217080250,9577,22667,2013
46,45,451.0,"Sporting goods, hobby, book and music stores",140315140,6285,22325,2013
47,45,452.0,General merchandise stores,639634388,20098,31826,2013
48,45,453.0,Miscellaneous store retailers,208360092,7636,27287,2013
49,45,454.0,Nonstore retailers,1950049226,18110,107678,2013
50,48-49,nan,Transportation and warehousing,2427256487,41293,58781,2013
51,48,481.0,Air transportation,785202092,9914,79201,2013
52,48,483.0,Water transportation,232145942,3230,71872,2013
53,48,484.0,Truck transportation,293986786,6463,45488,2013
54,48,485.0,Transit and ground passenger transportation,99405651,3120,31861,2013
55,48,487.0,Scenic and sightseeing transportation,20152458,501,40224,2013
56,48,488.0,Support activities for transportation,582209225,9719,59904,2013
57,49,491.0,Postal service,3618829,134,27006,2013
58,49,492.0,Couriers and messengers,222356105,5189,42851,2013
59,49,493.0,Warehousing and storage,175477801,2905,60405,2013
60,51,nan,Information,12947444010,82271,157376,2013
61,51,511.0,"Publishing industries, except Internet",10206139907,55050,185398,2013
62,51,512.0,Motion picture and sound recording industries,75873915,2376,31933,2013
63,51,515.0,"Broadcasting, except Internet",186147696,2300,80934,2013
64,51,516.0,Internet publishing and broadcasting,0,0,0,2013
65,51,517.0,Telecommunications,1185857410,10927,108525,2013
66,51,518.0,"ISPs, search portals, and data processing",289304041,3546,81586,2013
67,51,519.0,Other information services,1004121041,8071,124411,2013
68,52,nan,Finance and insurance,4084937586,41241,99050,2013
69,52,522.0,Credit intermediation and related activities,1366561724,16270,83993,2013
70,52,524.0,Insurance carriers and related activities,1496996339,16823,88985,2013
71,53,nan,Real estate and rental and leasing,1266091282,23837,53115,2013
72,53,531.0,Real estate,1057542388,19506,54216,2013
73,53,532.0,Rental and leasing services,200483083,4221,47497,2013
74,53,533.0,Lessors of nonfinancial intangible asset,8065811,109,73998,2013
75,54,nan,Professional and technical services,9675442504,105234,91942,2013
76,54,541.0,Professional and technical services,9675442504,105234,91942,2013
77,55,nan,Management of companies and enterprises,3041600986,27450,110805,2013
78,55,551.0,Management of companies and enterprises,3041600986,27450,110805,2013
79,56,nan,Administrative and waste services,3295742518,65187,50558,2013
80,56,561.0,Administrative and support services,3134726507,62438,50205,2013
81,56,562.0,Waste management and remediation service,161016011,2749,58573,2013
82,61,nan,Educational services,720446171,19120,37680,2013
83,61,611.0,Educational services,720446171,19120,37680,2013
84,62,nan,Health care and social assistance,6492684361,122344,53069,2013
85,62,621.0,Ambulatory health care services,3026523800,49357,61319,2013
86,62,622.0,Hospitals,2149637300,27629,77804,2013
87,62,623.0,Nursing and residential care facilities,651895689,20104,32426,2013
88,62,624.0,Social assistance,664627572,25254,26318,2013
89,71,nan,"Arts, entertainment, and recreation",842723975,22855,36873,2013
90,71,711.0,Performing arts and spectator sports,474685480,6374,74472,2013
91,71,712.0,"Museums, historical sites, zoos, and parks",63224977,1807,34989,2013
92,71,713.0,"Amusements, gambling, and recreation",304813518,14674,20772,2013
93,72,nan,Accommodation and food services,2169874529,96385,22513,2013
94,72,721.0,Accommodation,415920976,13202,31504,2013
95,72,722.0,Food services and drinking places,1753953553,83182,21086,2013
96,81,nan,"Other services, except public administration",1803614911,53857,33489,2013
97,81,811.0,Repair and maintenance,383776487,8208,46756,2013
98,81,812.0,Personal and laundry services,440265529,14542,30275,2013
99,81,813.0,Membership associations and organization,671657623,13072,51381,2013
100,81,814.0,Private households,307915272,18035,17073,2013
101,GOV,nan,GOVERNMENT,9757367912,157736,61859,2013
102,NEC,nan,NOT ELSEWHERE CLASSIFIED,143920159,1641,87703,2013
0,TOTAL,nan,TOTAL,87361460733,1237614,70589,2014
1,11,nan,"Agriculture, forestry, fishing and hunting",162904445,2313,70430,2014
2,11,111.0,Crop production,29976427,987,30371,2014
3,11,112.0,Animal production,6911857,211,32758,2014
4,11,113.0,Forestry and logging,31960424,148,215949,2014
5,11,114.0,"Fishing, hunting and trapping",87427380,783,111657,2014
6,11,115.0,Agriculture and forestry support activities,6628357,184,36024,2014
7,23,nan,Construction,3626447386,57072,63542,2014
8,23,236.0,Construction of buildings,1064332435,15871,67061,2014
9,23,237.0,Heavy and civil engineering construction,514173223,6556,78428,2014
10,23,238.0,Specialty trade contractors,2047941728,34645,59112,2014
11,31-33,nan,Manufacturing,9086081445,105764,85909,2014
12,31,311.0,Food manufacturing,601215426,11252,53432,2014
13,31,312.0,Beverage and tobacco product manufacturing,112088451,2248,49861,2014
14,31,313.0,Textile mills,1896921,50,37938,2014
15,31,314.0,Textile product mills,43833359,950,46140,2014
16,31,315.0,Apparel manufacturing,49327908,1140,43270,2014
17,31,316.0,Leather and allied product manufacturing,7688459,185,41559,2014
18,32,321.0,Wood product manufacturing,34512240,669,51588,2014
19,32,322.0,Paper manufacturing,81880164,1341,61059,2014
20,32,323.0,Printing and related support activities,164486244,3135,52468,2014
21,32,324.0,Petroleum and coal products manufacturing,6555560,69,95008,2014
22,32,325.0,Chemical manufacturing,87911107,1216,72295,2014
23,32,326.0,Plastics and rubber products manufacturing,103330074,2248,45965,2014
24,32,327.0,Nonmetallic mineral product manufacturing,161312451,2825,57102,2014
25,33,331.0,Primary metal manufacturing,60944317,861,70783,2014
26,33,332.0,Fabricated metal product manufacturing,350216605,6320,55414,2014
27,33,333.0,Machinery manufacturing,411138781,5820,70642,2014
28,33,334.0,Computer and electronic product manufacturing,752542912,8079,93148,2014
29,33,335.0,Electrical equipment and appliance mfg.,117649903,1627,72311,2014
30,33,336.0,Transportation equipment manufacturing,5486276167,48502,113114,2014
31,33,337.0,Furniture and related product manufacturing,57402255,1377,41686,2014
32,33,339.0,Miscellaneous manufacturing,393872141,5850,67329,2014
33,42,nan,Wholesale trade,4928176357,60517,81435,2014
34,42,423.0,"Merchant wholesalers, durable goods",2432937361,29411,82722,2014
35,42,424.0,"Merchant wholesalers, nondurable goods",1212725987,18213,66586,2014
36,42,425.0,Electronic markets and agents and broker,1282513009,12892,99481,2014
37,44-45,nan,Retail trade,6102142171,126217,48346,2014
38,44,441.0,Motor vehicle and parts dealers,574518055,10729,53548,2014
39,44,442.0,Furniture and home furnishings stores,183379662,4427,41423,2014
40,44,443.0,Electronics and appliance stores,186639299,3856,48402,2014
41,44,444.0,Building material and garden supply stores,279943143,7970,35125,2014
42,44,445.0,Food and beverage stores,702857249,22930,30652,2014
43,44,446.0,Health and personal care stores,247060641,6054,40809,2014
44,44,447.0,Gasoline stations,58790298,2659,22110,2014
45,44,448.0,Clothing and clothing accessories stores,231891236,9546,24292,2014
46,45,451.0,"Sporting goods, hobby, book and music stores",151192372,6403,23613,2014
47,45,452.0,General merchandise stores,649338997,20384,31855,2014
48,45,453.0,Miscellaneous store retailers,236071835,8372,28198,2014
49,45,454.0,Nonstore retailers,2600459384,22887,113622,2014
50,48-49,nan,Transportation and warehousing,2612861876,44079,59277,2014
51,48,481.0,Air transportation,843167313,10384,81199,2014
52,48,483.0,Water transportation,237638160,3263,72828,2014
53,48,484.0,Truck transportation,313353918,6698,46783,2014
54,48,485.0,Transit and ground passenger transportation,104113908,3180,32740,2014
55,48,487.0,Scenic and sightseeing transportation,23269843,566,41113,2014
56,48,488.0,Support activities for transportation,669356356,11216,59679,2014
57,49,491.0,Postal service,3736241,143,26128,2014
58,49,492.0,Couriers and messengers,238793994,5566,42902,2014
59,49,493.0,Warehousing and storage,165382575,2939,56272,2014
60,51,nan,Information,14814983087,85268,173746,2014
61,51,511.0,"Publishing industries, except Internet",11610661054,56321,206152,2014
62,51,512.0,Motion picture and sound recording industries,73958857,2515,29407,2014
63,51,515.0,"Broadcasting, except Internet",182354594,2258,80759,2014
64,51,516.0,Internet publishing and broadcasting,0,0,0,2014
65,51,517.0,Telecommunications,1338201080,11183,119664,2014
66,51,518.0,"ISPs, search portals, and data processing",388922093,3771,103135,2014
67,51,519.0,Other information services,1220885409,9220,132417,2014
68,52,nan,Finance and insurance,4253344320,40827,104180,2014
69,52,522.0,Credit intermediation and related activities,1277274822,15220,83921,2014
70,52,524.0,Insurance carriers and related activities,1548259209,17251,89749,2014
71,53,nan,Real estate and rental and leasing,1355065187,24505,55297,2014
72,53,531.0,Real estate,1142818344,20233,56483,2014
73,53,532.0,Rental and leasing services,203966959,4136,49315,2014
74,53,533.0,Lessors of nonfinancial intangible asset,8279884,136,60882,2014
75,54,nan,Professional and technical services,10564693618,109911,96120,2014
76,54,541.0,Professional and technical services,10564693618,109911,96120,2014
77,55,nan,Management of companies and enterprises,3142893375,28431,110545,2014
78,55,551.0,Management of companies and enterprises,3142893375,28431,110545,2014
79,56,nan,Administrative and waste services,3495265471,66815,52313,2014
80,56,561.0,Administrative and support services,3327608735,64050,51953,2014
81,56,562.0,Waste management and remediation service,167656736,2764,60657,2014
82,61,nan,Educational services,752400320,19931,37750,2014
83,61,611.0,Educational services,752400320,19931,37750,2014
84,62,nan,Health care and social assistance,7039969084,140410,50139,2014
85,62,621.0,Ambulatory health care services,3294730457,52738,62474,2014
86,62,622.0,Hospitals,2109309180,26587,79336,2014
87,62,623.0,Nursing and residential care facilities,744884098,20553,36242,2014
88,62,624.0,Social assistance,891045349,40532,21984,2014
89,71,nan,"Arts, entertainment, and recreation",939018812,23529,39909,2014
90,71,711.0,Performing arts and spectator sports,538102157,6541,82266,2014
91,71,712.0,"Museums, historical sites, zoos, and parks",64662246,1767,36594,2014
92,71,713.0,"Amusements, gambling, and recreation",336254409,15221,22091,2014
93,72,nan,Accommodation and food services,2318042367,99700,23250,2014
94,72,721.0,Accommodation,428997005,12903,33248,2014
95,72,722.0,Food services and drinking places,1889045362,86798,21764,2014
96,81,nan,"Other services, except public administration",1707332612,40818,41828,2014
97,81,811.0,Repair and maintenance,395448078,8438,46865,2014
98,81,812.0,Personal and laundry services,446054709,14774,30192,2014
99,81,813.0,Membership associations and organization,720315869,13474,53460,2014
100,81,814.0,Private households,145513956,4133,35208,2014
0,TOTAL,nan,TOTAL,92329315854,1274371,72451,2015
1,11,nan,"Agriculture, forestry, fishing and hunting",165775777,2459,67416,2015
2,11,111.0,Crop production,28741152,944,30446,2015
3,11,112.0,Animal production,7395198,213,34719,2015
4,11,113.0,Forestry and logging,31302631,153,204592,2015
5,11,114.0,"Fishing, hunting and trapping",91125389,947,96225,2015
6,11,115.0,Agriculture and forestry support activities,7211407,203,35524,2015
7,23,nan,Construction,4154659302,62948,66001,2015
8,23,236.0,Construction of buildings,1252251798,17861,70111,2015
9,23,237.0,Heavy and civil engineering construction,491406405,6158,79800,2015
10,23,238.0,Specialty trade contractors,2411001099,38928,61935,2015
11,31-33,nan,Manufacturing,9066016584,106258,85321,2015
12,31,311.0,Food manufacturing,623010531,11535,54010,2015
13,31,312.0,Beverage and tobacco product manufacturing,134168143,2704,49618,2015
14,31,313.0,Textile mills,1406088,38,37002,2015
15,31,314.0,Textile product mills,43780552,913,47952,2015
16,31,315.0,Apparel manufacturing,48977132,1124,43574,2015
17,31,316.0,Leather and allied product manufacturing,3466896,107,32401,2015
18,32,321.0,Wood product manufacturing,40865196,758,53912,2015
19,32,322.0,Paper manufacturing,82111423,1320,62206,2015
20,32,323.0,Printing and related support activities,174754225,3242,53903,2015
21,32,324.0,Petroleum and coal products manufacturing,4974725,59,84317,2015
22,32,325.0,Chemical manufacturing,94318511,1285,73400,2015
23,32,326.0,Plastics and rubber products manufacturing,106765470,2194,48662,2015
24,32,327.0,Nonmetallic mineral product manufacturing,170664370,2879,59279,2015
25,33,331.0,Primary metal manufacturing,60231756,830,72568,2015
26,33,332.0,Fabricated metal product manufacturing,348659003,6322,55150,2015
27,33,333.0,Machinery manufacturing,396555033,5546,71503,2015
28,33,334.0,Computer and electronic product manufacturing,789982594,8162,96788,2015
29,33,335.0,Electrical equipment and appliance mfg.,121237320,1589,76298,2015
30,33,336.0,Transportation equipment manufacturing,5331033640,48103,110825,2015
31,33,337.0,Furniture and related product manufacturing,57241766,1364,41966,2015
32,33,339.0,Miscellaneous manufacturing,431812210,6183,69839,2015
33,42,nan,Wholesale trade,5138803701,61103,84101,2015
34,42,423.0,"Merchant wholesalers, durable goods",2583875889,29882,86469,2015
35,42,424.0,"Merchant wholesalers, nondurable goods",1249897532,18531,67449,2015
36,42,425.0,Electronic markets and agents and broker,1305030280,12691,102831,2015
37,44-45,nan,Retail trade,6949235182,131946,52667,2015
38,44,441.0,Motor vehicle and parts dealers,598138108,11115,53814,2015
39,44,442.0,Furniture and home furnishings stores,196016737,4438,44168,2015
40,44,443.0,Electronics and appliance stores,223717762,4321,51775,2015
41,44,444.0,Building material and garden supply stores,309875969,8236,37625,2015
42,44,445.0,Food and beverage stores,719827330,22950,31365,2015
43,44,446.0,Health and personal care stores,255127268,6242,40873,2015
44,44,447.0,Gasoline stations,61278241,2624,23353,2015
45,44,448.0,Clothing and clothing accessories stores,240143993,9415,25507,2015
46,45,451.0,"Sporting goods, hobby, book and music stores",167794847,6492,25846,2015
47,45,452.0,General merchandise stores,688857597,20562,33501,2015
48,45,453.0,Miscellaneous store retailers,251614151,8711,28885,2015
49,45,454.0,Nonstore retailers,3236843179,26842,120589,2015
50,48-49,nan,Transportation and warehousing,2872630511,46240,62124,2015
51,48,481.0,Air transportation,979048047,11505,85098,2015
52,48,483.0,Water transportation,254510640,3225,78918,2015
53,48,484.0,Truck transportation,331478340,6894,48082,2015
54,48,485.0,Transit and ground passenger transportation,109692471,3215,34119,2015
55,48,487.0,Scenic and sightseeing transportation,25968547,564,46044,2015
56,48,488.0,Support activities for transportation,721929438,11484,62864,2015
57,49,492.0,Couriers and messengers,260047410,6058,42926,2015
58,49,493.0,Warehousing and storage,171075476,3025,56554,2015
59,51,nan,Information,15466972783,88889,174003,2015
60,51,511.0,"Publishing industries, except Internet",11278047727,55662,202617,2015
61,51,512.0,Motion picture and sound recording industries,90023674,2800,32151,2015
62,51,515.0,"Broadcasting, except Internet",182230854,2195,83021,2015
63,51,516.0,Internet publishing and broadcasting,0,0,0,2015
64,51,517.0,Telecommunications,1530168110,11177,136903,2015
65,51,518.0,"ISPs, search portals, and data processing",535675642,5476,97822,2015
66,51,519.0,Other information services,1850826776,11580,159830,2015
67,52,nan,Finance and insurance,4442776959,41259,107680,2015
68,52,522.0,Credit intermediation and related activities,1437776060,14951,96166,2015
69,52,524.0,Insurance carriers and related activities,1643384982,17652,93099,2015
70,53,nan,Real estate and rental and leasing,1456801566,25178,57860,2015
71,53,531.0,Real estate,1225807905,20712,59183,2015
72,53,532.0,Rental and leasing services,221604283,4324,51250,2015
73,53,533.0,Lessors of nonfinancial intangible asset,9389378,142,66122,2015
74,54,nan,Professional and technical services,10910508121,113015,96540,2015
75,54,541.0,Professional and technical services,10910508121,113015,96540,2015
76,55,nan,Management of companies and enterprises,3413769258,30058,113573,2015
77,55,551.0,Management of companies and enterprises,3413769258,30058,113573,2015
78,56,nan,Administrative and waste services,3724424392,68845,54099,2015
79,56,561.0,Administrative and support services,3539353997,65959,53660,2015
80,56,562.0,Waste management and remediation service,185070395,2886,64127,2015
81,61,nan,Educational services,800918997,20609,38863,2015
82,61,611.0,Educational services,800918997,20609,38863,2015
83,62,nan,Health care and social assistance,7398790961,139850,52905,2015
84,62,621.0,Ambulatory health care services,3471633092,53681,64672,2015
85,62,622.0,Hospitals,2291727119,27626,82955,2015
86,62,623.0,Nursing and residential care facilities,689775312,20256,34053,2015
87,62,624.0,Social assistance,945655438,38288,24698,2015
88,72,nan,Accommodation and food services,2544276176,103913,24485,2015
89,72,721.0,Accommodation,454071721,13242,34290,2015
90,72,722.0,Food services and drinking places,2090204455,90671,23053,2015
91,81,nan,"Other services, except public administration",1812976820,42276,42884,2015
92,81,811.0,Repair and maintenance,424477082,8714,48712,2015
93,81,812.0,Personal and laundry services,460328951,15206,30273,2015
94,81,813.0,Membership associations and organization,767199439,13858,55361,2015
95,81,814.0,Private households,160971348,4498,35787,2015
0,TOTAL,nan,TOTAL,101060659856,1315412,76828,2016
1,11,nan,"Agriculture, forestry, fishing and hunting",225777195,2705,83467,2016
2,11,111.0,Crop production,39077105,1209,32322,2016
3,11,112.0,Animal production,8434099,235,35890,2016
4,11,113.0,Forestry and logging,75687457,134,564832,2016
5,11,114.0,"Fishing, hunting and trapping",96026591,921,104263,2016
6,11,115.0,Agriculture and forestry support activities,6551943,206,31806,2016
7,23,nan,Construction,4596525187,66789,68822,2016
8,23,236.0,Construction of buildings,1380236111,18878,73113,2016
9,23,237.0,Heavy and civil engineering construction,478460249,5767,82965,2016
10,23,238.0,Specialty trade contractors,2737828827,42144,64964,2016
11,31-33,nan,Manufacturing,8994328281,104224,86298,2016
12,31,311.0,Food manufacturing,641195276,11859,54068,2016
13,31,312.0,Beverage and tobacco product manufacturing,144357137,2901,49761,2016
14,31,313.0,Textile mills,1523203,36,42311,2016
15,31,314.0,Textile product mills,56586200,834,67849,2016
16,31,315.0,Apparel manufacturing,50564668,1146,44123,2016
17,31,316.0,Leather and allied product manufacturing,3734817,106,35234,2016
18,32,321.0,Wood product manufacturing,45586837,830,54924,2016
19,32,322.0,Paper manufacturing,77682282,1238,62748,2016
20,32,323.0,Printing and related support activities,182473895,3343,54584,2016
21,32,324.0,Petroleum and coal products manufacturing,5947962,70,84971,2016
22,32,325.0,Chemical manufacturing,107101683,1327,80710,2016
23,32,326.0,Plastics and rubber products manufacturing,113154901,2218,51017,2016
24,32,327.0,Nonmetallic mineral product manufacturing,187883625,3020,62213,2016
25,33,331.0,Primary metal manufacturing,56818245,802,70846,2016
26,33,332.0,Fabricated metal product manufacturing,356815031,6384,55892,2016
27,33,333.0,Machinery manufacturing,389566297,5444,71559,2016
28,33,334.0,Computer and electronic product manufacturing,907817137,8307,109283,2016
29,33,335.0,Electrical equipment and appliance mfg.,117927134,1562,75498,2016
30,33,336.0,Transportation equipment manufacturing,5051877629,45204,111757,2016
31,33,337.0,Furniture and related product manufacturing,62274137,1390,44802,2016
32,33,339.0,Miscellaneous manufacturing,433440185,6203,69876,2016
33,42,nan,Wholesale trade,5332384269,61589,86580,2016
34,42,423.0,"Merchant wholesalers, durable goods",2719596578,30406,89443,2016
35,42,424.0,"Merchant wholesalers, nondurable goods",1267211447,18623,68046,2016
36,42,425.0,Electronic markets and agents and broker,1345576244,12560,107132,2016
37,44-45,nan,Retail trade,9839472715,138960,70808,2016
38,44,441.0,Motor vehicle and parts dealers,625226658,11295,55354,2016
39,44,442.0,Furniture and home furnishings stores,183389481,4253,43120,2016
40,44,443.0,Electronics and appliance stores,296823448,5131,57849,2016
41,44,444.0,Building material and garden supply stores,324102923,8449,38360,2016
42,44,445.0,Food and beverage stores,727362166,22875,31797,2016
43,44,446.0,Health and personal care stores,271141796,6386,42459,2016
44,44,447.0,Gasoline stations,63407967,2548,24885,2016
45,44,448.0,Clothing and clothing accessories stores,240787308,9452,25475,2016
46,45,451.0,"Sporting goods, hobby, book and music stores",169364426,6244,27124,2016
47,45,452.0,General merchandise stores,713505285,20806,34293,2016
48,45,453.0,Miscellaneous store retailers,277838200,9138,30405,2016
49,45,454.0,Nonstore retailers,5946523057,32382,183637,2016
50,48-49,nan,Transportation and warehousing,3103409033,48016,64633,2016
51,48,481.0,Air transportation,1117253712,12439,89819,2016
52,48,483.0,Water transportation,259980498,3184,81652,2016
53,48,484.0,Truck transportation,336665276,6904,48764,2016
54,48,485.0,Transit and ground passenger transportation,116110939,3048,38094,2016
55,48,487.0,Scenic and sightseeing transportation,30460775,647,47080,2016
56,48,488.0,Support activities for transportation,782774536,11979,65346,2016
57,49,491.0,Postal service,5105092,177,28842,2016
58,49,492.0,Couriers and messengers,260034887,6176,42104,2016
59,49,493.0,Warehousing and storage,181957871,3355,54235,2016
60,51,nan,Information,17539038035,95632,183401,2016
61,51,511.0,"Publishing industries, except Internet",12251072078,58914,207948,2016
62,51,512.0,Motion picture and sound recording industries,82952005,2678,30975,2016
63,51,515.0,"Broadcasting, except Internet",182865749,2146,85212,2016
64,51,516.0,Internet publishing and broadcasting,0,0,0,2016
65,51,517.0,Telecommunications,1572467109,11215,140211,2016
66,51,518.0,"ISPs, search portals, and data processing",804095699,6864,117147,2016
67,51,519.0,Other information services,2645585395,13815,191501,2016
68,52,nan,Finance and insurance,4557891999,41144,110779,2016
69,52,522.0,Credit intermediation and related activities,1507145792,15173,99331,2016
70,52,524.0,Insurance carriers and related activities,1688738376,17395,97082,2016
71,53,nan,Real estate and rental and leasing,1573003354,26008,60482,2016
72,53,531.0,Real estate,1312132265,21092,62210,2016
73,53,532.0,Rental and leasing services,249760979,4765,52416,2016
74,53,533.0,Lessors of nonfinancial intangible asset,11110110,152,73093,2016
75,54,nan,Professional and technical services,11789886592,117875,100020,2016
76,54,541.0,Professional and technical services,11789886592,117875,100020,2016
77,55,nan,Management of companies and enterprises,3562238447,30858,115440,2016
78,55,551.0,Management of companies and enterprises,3562238447,30858,115440,2016
79,56,nan,Administrative and waste services,3862277295,69401,55652,2016
80,56,561.0,Administrative and support services,3675772965,66602,55190,2016
81,56,562.0,Waste management and remediation service,186504330,2799,66632,2016
82,61,nan,Educational services,831526543,21489,38695,2016
83,61,611.0,Educational services,831526543,21489,38695,2016
84,62,nan,Healthcare and social assistance,7884351834,144614,54520,2016
85,62,621.0,Ambulatory healthcare services,3695294501,55596,66467,2016
86,62,622.0,Hospitals,2416602646,29182,82811,2016
87,62,623.0,Nursing and residential care facilities,721790308,20574,35083,2016
88,62,624.0,Social assistance,1050664379,39262,26760,2016
89,71,nan,"Arts, entertainment, and recreation",1054707192,25336,41629,2016
90,71,711.0,Performing arts and spectator sports,607469236,7309,83112,2016
91,71,712.0,"Museums, historical sites, zoos, and parks",75051612,1968,38136,2016
92,71,713.0,"Amusements, gambling, and recreation",372186344,16059,23176,2016
93,72,nan,Accommodation and food services,2800604954,108170,25891,2016
94,72,721.0,Accommodation,492345410,13779,35732,2016
95,72,722.0,Food services and drinking places,2308259544,94391,24454,2016
96,81,nan,"Other services, except public administration",1962869449,43860,44753,2016
97,81,811.0,Repair and maintenance,430824112,8694,49554,2016
98,81,812.0,Personal and laundry services,527218834,15851,33261,2016
99,81,813.0,Membership associations and organization,832252101,14706,56593,2016
100,81,814.0,Private households,172574402,4609,37443,2016
