industry,avg_wage,monthly_rent_allowance,year
Crop production,27115.0,753.1944444444445,2011
Crop production,27566.0,765.7222222222223,2012
Crop production,29316.0,814.3333333333335,2013
Crop production,30371.0,843.6388888888887,2014
Crop production,30446.0,845.7222222222223,2015
Crop production,32322.0,897.8333333333335,2016
Crop production,34048.0,945.7777777777777,2017
Crop production,35381.42857143283,982.8174603175786,2018
Crop production,37044.857142835855,1029.0238095232182,2019
Crop production,38828.40476191044,1078.5667989419567,2020
Animal production,30803.0,855.6388888888887,2011
Animal production,29939.0,831.6388888888887,2012
Animal production,30298.0,841.6111111111113,2013
Animal production,32758.0,909.9444444444445,2014
Animal production,34719.0,964.4166666666665,2015
Animal production,35890.0,996.9444444444445,2016
Animal production,36032.0,1000.8888888888887,2017
Animal production,38648.71428567171,1073.575396824214,2018
Animal production,40658.92857146263,1129.4146825406285,2019
Animal production,42861.80952382088,1190.6058201061355,2020
Forestry and logging,183894.0,5108.166666666667,2011
Forestry and logging,316375.0,8788.194444444443,2012
Forestry and logging,205555.0,5709.8611111111095,2013
Forestry and logging,215949.0,5998.583333333332,2014
Forestry and logging,204592.0,5683.1111111111095,2015
Forestry and logging,564832.0,15689.777777777781,2016
Forestry and logging,85805.0,2383.472222222222,2017
Forestry and logging,176134.8571548462,4892.634920967949,2018
Forestry and logging,103436.92858886719,2873.248016357422,2019
Forestry and logging,12983.238098144531,360.645502726237,2020
"Fishing, hunting and trapping",132929.0,3692.472222222222,2011
"Fishing, hunting and trapping",131386.0,3649.611111111111,2012
"Fishing, hunting and trapping",115181.0,3199.472222222222,2013
"Fishing, hunting and trapping",111657.0,3101.583333333333,2014
"Fishing, hunting and trapping",96225.0,2672.9166666666665,2015
"Fishing, hunting and trapping",104263.0,2896.1944444444453,2016
"Fishing, hunting and trapping",129062.0,3585.0555555555547,2017
"Fishing, hunting and trapping",137858.42857170105,3829.4007936583625,2018
"Fishing, hunting and trapping",159377.14285850525,4427.142857180702,2019
"Fishing, hunting and trapping",186350.83333015442,5176.412036948734,2020
Agriculture and forestry support activities,28755.0,798.75,2011
Agriculture and forestry support activities,27398.0,761.0555555555555,2012
Agriculture and forestry support activities,31024.0,861.7777777777777,2013
Agriculture and forestry support activities,36024.0,1000.6666666666665,2014
Agriculture and forestry support activities,35524.0,986.7777777777777,2015
Agriculture and forestry support activities,31806.0,883.5,2016
Agriculture and forestry support activities,34269.0,951.9166666666665,2017
Agriculture and forestry support activities,32291.142857074738,896.9761904742983,2018
Agriculture and forestry support activities,30291.07142829895,841.4186507860819,2019
Agriculture and forestry support activities,27609.57142853737,766.9325396815935,2020
Construction of buildings,63458.0,1762.7222222222226,2011
Construction of buildings,64992.0,1805.333333333333,2012
Construction of buildings,64865.0,1801.805555555556,2013
Construction of buildings,67061.0,1862.805555555556,2014
Construction of buildings,70111.0,1947.5277777777774,2015
Construction of buildings,73113.0,2030.916666666667,2016
Construction of buildings,76358.0,2121.055555555556,2017
Construction of buildings,80864.85714268684,2246.246031741301,2018
Construction of buildings,85790.28571414948,2383.0634920597076,2019
Construction of buildings,91332.57142853737,2537.015873014927,2020
Heavy and civil engineering construction,76859.0,2134.972222222222,2011
Heavy and civil engineering construction,77897.0,2163.805555555556,2012
Heavy and civil engineering construction,77008.0,2139.1111111111113,2013
Heavy and civil engineering construction,78428.0,2178.555555555556,2014
Heavy and civil engineering construction,79800.0,2216.6666666666665,2015
Heavy and civil engineering construction,82965.0,2304.583333333333,2016
Heavy and civil engineering construction,88165.0,2449.027777777778,2017
Heavy and civil engineering construction,92707.42857146263,2575.2063492072953,2018
Heavy and civil engineering construction,98771.64285707474,2743.656746029854,2019
Heavy and civil engineering construction,105811.66666674614,2939.2129629651704,2020
Specialty trade contractors,57086.0,1585.7222222222226,2011
Specialty trade contractors,56277.0,1563.25,2012
Specialty trade contractors,57527.0,1597.9722222222226,2013
Specialty trade contractors,59112.0,1642.0,2014
Specialty trade contractors,61935.0,1720.416666666667,2015
Specialty trade contractors,64964.0,1804.555555555556,2016
Specialty trade contractors,67551.0,1876.416666666667,2017
Specialty trade contractors,72282.85714292526,2007.857142859035,2018
Specialty trade contractors,77219.64285755157,2144.9900793764327,2019
Specialty trade contractors,82831.45238113403,2300.873677253723,2020
Food manufacturing,52600.0,1461.111111111111,2011
Food manufacturing,53957.0,1498.8055555555554,2012
Food manufacturing,52561.0,1460.0277777777774,2013
Food manufacturing,53432.0,1484.2222222222226,2014
Food manufacturing,54010.0,1500.2777777777774,2015
Food manufacturing,54068.0,1501.888888888889,2016
Food manufacturing,58095.0,1613.75,2017
Food manufacturing,59558.99999988079,1654.4166666633553,2018
Food manufacturing,62353.92857134342,1732.0535714262062,2019
Food manufacturing,65625.85714280605,1822.940476189057,2020
Beverage and tobacco product manufacturing,54763.0,1521.1944444444446,2011
Beverage and tobacco product manufacturing,55398.0,1538.833333333333,2012
Beverage and tobacco product manufacturing,53498.0,1486.0555555555554,2013
Beverage and tobacco product manufacturing,49861.0,1385.0277777777774,2014
Beverage and tobacco product manufacturing,49618.0,1378.2777777777774,2015
Beverage and tobacco product manufacturing,49761.0,1382.25,2016
Beverage and tobacco product manufacturing,51739.0,1437.1944444444446,2017
Beverage and tobacco product manufacturing,52018.57142829895,1444.9603174527485,2018
Beverage and tobacco product manufacturing,53694.57142829895,1491.5158730083042,2019
Beverage and tobacco product manufacturing,55935.28571391106,1553.7579364975293,2020
Textile mills,41718.0,1158.8333333333333,2011
Textile mills,39832.0,1106.4444444444446,2012
Textile mills,36063.0,1001.75,2013
Textile mills,37938.0,1053.8333333333333,2014
Textile mills,37002.0,1027.8333333333333,2015
Textile mills,42311.0,1175.3055555555557,2016
Textile mills,44370.0,1232.5,2017
Textile mills,50368.57142829895,1399.1269841194153,2018
Textile mills,57237.57142877579,1589.9325396882161,2019
Textile mills,65523.07142877579,1820.0853174659942,2020
Textile product mills,42075.0,1168.75,2011
Textile product mills,43806.0,1216.8333333333333,2012
Textile product mills,44293.0,1230.361111111111,2013
Textile product mills,46140.0,1281.6666666666667,2014
Textile product mills,47952.0,1332.0,2015
Textile product mills,67849.0,1884.6944444444446,2016
Textile product mills,54607.0,1516.861111111111,2017
Textile product mills,65454.0,1818.1666666666667,2018
Textile product mills,71014.21428573132,1972.6170634925365,2019
Textile product mills,77100.97619044781,2141.693783067995,2020
Apparel manufacturing,39346.0,1092.9444444444446,2011
Apparel manufacturing,41385.0,1149.5833333333333,2012
Apparel manufacturing,41846.0,1162.388888888889,2013
Apparel manufacturing,43270.0,1201.9444444444443,2014
Apparel manufacturing,43574.0,1210.388888888889,2015
Apparel manufacturing,44123.0,1225.638888888889,2016
Apparel manufacturing,45521.0,1264.4722222222224,2017
Apparel manufacturing,45684.142857164145,1269.0039682545596,2018
Apparel manufacturing,46066.78571429849,1279.6329365082913,2019
Apparel manufacturing,46330.2619048059,1286.9517195779415,2020
Leather and allied product manufacturing,41668.0,1157.4444444444443,2011
Leather and allied product manufacturing,38656.0,1073.7777777777776,2012
Leather and allied product manufacturing,39412.0,1094.7777777777776,2013
Leather and allied product manufacturing,41559.0,1154.4166666666667,2014
Leather and allied product manufacturing,32401.0,900.0277777777777,2015
Leather and allied product manufacturing,35234.0,978.7222222222223,2016
Leather and allied product manufacturing,35760.0,993.3333333333335,2017
Leather and allied product manufacturing,34082.28571423888,946.7301587288579,2018
Leather and allied product manufacturing,33539.9999999702,931.6666666658389,2019
Leather and allied product manufacturing,33127.833333313465,920.2175925920407,2020
Wood product manufacturing,50376.0,1399.333333333333,2011
Wood product manufacturing,49195.0,1366.5277777777776,2012
Wood product manufacturing,52519.0,1458.861111111111,2013
Wood product manufacturing,51588.0,1433.0,2014
Wood product manufacturing,53912.0,1497.5555555555554,2015
Wood product manufacturing,54924.0,1525.666666666667,2016
Wood product manufacturing,58770.0,1632.5,2017
Wood product manufacturing,61343.14285695553,1703.976190470987,2018
Wood product manufacturing,64853.42857122421,1801.4841269784504,2019
Wood product manufacturing,68841.92857122421,1912.2757936451171,2020
Paper manufacturing,55131.0,1531.416666666667,2011
Paper manufacturing,56424.0,1567.333333333333,2012
Paper manufacturing,57502.0,1597.2777777777774,2013
Paper manufacturing,61059.0,1696.083333333333,2014
Paper manufacturing,62206.0,1727.9444444444446,2015
Paper manufacturing,62748.0,1743.0,2016
Paper manufacturing,64758.0,1798.833333333333,2017
Paper manufacturing,66020.85714283586,1833.912698412107,2018
Paper manufacturing,67252.57142856717,1868.1269841268659,2019
Paper manufacturing,68391.07142850757,1899.7519841252104,2020
Printing and related support activities,50040.0,1390.0,2011
Printing and related support activities,50529.0,1403.583333333333,2012
Printing and related support activities,50911.0,1414.1944444444446,2013
Printing and related support activities,52468.0,1457.4444444444446,2014
Printing and related support activities,53903.0,1497.3055555555554,2015
Printing and related support activities,54584.0,1516.2222222222226,2016
Printing and related support activities,52485.0,1457.916666666667,2017
Printing and related support activities,53095.42857158184,1474.8730158772732,2018
Printing and related support activities,52501.50000011921,1458.3750000033115,2019
Printing and related support activities,51629.2619048357,1434.146164023214,2020
Petroleum and coal products manufacturing,69988.0,1944.111111111111,2011
Petroleum and coal products manufacturing,74236.0,2062.1111111111113,2012
Petroleum and coal products manufacturing,88604.0,2461.222222222222,2013
Petroleum and coal products manufacturing,95008.0,2639.1111111111113,2014
Petroleum and coal products manufacturing,84317.0,2342.1388888888887,2015
Petroleum and coal products manufacturing,84971.0,2360.305555555556,2016
Petroleum and coal products manufacturing,84674.0,2352.055555555556,2017
Petroleum and coal products manufacturing,73936.28571414948,2053.78571428193,2018
Petroleum and coal products manufacturing,62678.6428565979,1741.073412683275,2019
Petroleum and coal products manufacturing,48433.26190471649,1345.3683862421246,2020
Chemical manufacturing,92188.0,2560.777777777778,2011
Chemical manufacturing,68659.0,1907.1944444444446,2012
Chemical manufacturing,70256.0,1951.555555555556,2013
Chemical manufacturing,72295.0,2008.1944444444446,2014
Chemical manufacturing,73400.0,2038.888888888889,2015
Chemical manufacturing,80710.0,2241.944444444445,2016
Chemical manufacturing,84594.0,2349.833333333333,2017
Chemical manufacturing,101475.42857170105,2818.7619047694734,2018
Chemical manufacturing,119180.7857131958,3310.577380922106,2019
Chemical manufacturing,140785.2380952835,3910.7010582023195,2020
Plastics and rubber products manufacturing,45353.0,1259.8055555555557,2011
Plastics and rubber products manufacturing,44685.0,1241.25,2012
Plastics and rubber products manufacturing,45187.0,1255.1944444444443,2013
Plastics and rubber products manufacturing,45965.0,1276.8055555555557,2014
Plastics and rubber products manufacturing,48662.0,1351.7222222222224,2015
Plastics and rubber products manufacturing,51017.0,1417.138888888889,2016
Plastics and rubber products manufacturing,50983.0,1416.1944444444446,2017
Plastics and rubber products manufacturing,54450.57142853737,1512.515873014927,2018
Plastics and rubber products manufacturing,57373.714285850525,1593.71428571807,2019
Plastics and rubber products manufacturing,60684.30952382088,1685.67526455058,2020
Nonmetallic mineral product manufacturing,52533.0,1459.25,2011
Nonmetallic mineral product manufacturing,53690.0,1491.388888888889,2012
Nonmetallic mineral product manufacturing,55014.0,1528.166666666667,2013
Nonmetallic mineral product manufacturing,57102.0,1586.166666666667,2014
Nonmetallic mineral product manufacturing,59279.0,1646.638888888889,2015
Nonmetallic mineral product manufacturing,62213.0,1728.138888888889,2016
Nonmetallic mineral product manufacturing,63412.0,1761.4444444444446,2017
Nonmetallic mineral product manufacturing,66518.42857140303,1847.7341269834176,2018
Nonmetallic mineral product manufacturing,69349.21428567171,1926.367063490881,2019
Nonmetallic mineral product manufacturing,72380.90476191044,2010.5806878308456,2020
Primary metal manufacturing,68335.0,1898.1944444444446,2011
Primary metal manufacturing,80766.0,2243.5,2012
Primary metal manufacturing,69466.0,1929.611111111111,2013
Primary metal manufacturing,70783.0,1966.1944444444446,2014
Primary metal manufacturing,72568.0,2015.7777777777774,2015
Primary metal manufacturing,70846.0,1967.9444444444446,2016
Primary metal manufacturing,75240.0,2090.0,2017
Primary metal manufacturing,74374.57142859697,2065.960317461027,2018
Primary metal manufacturing,75442.42857146263,2095.6230158739622,2019
Primary metal manufacturing,76716.02380955219,2131.00066137645,2020
Fabricated metal product manufacturing,50198.0,1394.388888888889,2011
Fabricated metal product manufacturing,52789.0,1466.361111111111,2012
Fabricated metal product manufacturing,52284.0,1452.333333333333,2013
Fabricated metal product manufacturing,55414.0,1539.2777777777774,2014
Fabricated metal product manufacturing,55150.0,1531.9444444444446,2015
Fabricated metal product manufacturing,55892.0,1552.5555555555554,2016
Fabricated metal product manufacturing,57221.0,1589.4722222222226,2017
Fabricated metal product manufacturing,57460.85714280605,1596.1349206335015,2018
Fabricated metal product manufacturing,57802.0,1605.611111111111,2019
Fabricated metal product manufacturing,57979.738095223904,1610.5482804228861,2020
Machinery manufacturing,66121.0,1836.6944444444446,2011
Machinery manufacturing,67227.0,1867.416666666667,2012
Machinery manufacturing,67230.0,1867.5,2013
Machinery manufacturing,70642.0,1962.2777777777774,2014
Machinery manufacturing,71503.0,1986.1944444444446,2015
Machinery manufacturing,71559.0,1987.75,2016
Machinery manufacturing,75821.0,2106.1388888888887,2017
Machinery manufacturing,77583.2857143879,2155.0912698441084,2018
Machinery manufacturing,80257.07142859697,2229.363095238805,2019
Machinery manufacturing,83191.40476197004,2310.8723544991676,2020
Computer and electronic product manufacturing,86007.0,2389.083333333333,2011
Computer and electronic product manufacturing,88567.0,2460.194444444445,2012
Computer and electronic product manufacturing,90076.0,2502.1111111111113,2013
Computer and electronic product manufacturing,93148.0,2587.444444444445,2014
Computer and electronic product manufacturing,96788.0,2688.555555555556,2015
Computer and electronic product manufacturing,109283.0,3035.638888888889,2016
Computer and electronic product manufacturing,102023.0,2833.972222222222,2017
Computer and electronic product manufacturing,109864.28571426868,3051.7857142852413,2018
Computer and electronic product manufacturing,114046.07142853737,3167.946428570482,2019
Computer and electronic product manufacturing,118393.7142856121,3288.7142857114472,2020
Electrical equipment and appliance mfg.,68181.0,1893.916666666667,2011
Electrical equipment and appliance mfg.,66829.0,1856.361111111111,2012
Electrical equipment and appliance mfg.,68069.0,1890.805555555556,2013
Electrical equipment and appliance mfg.,72311.0,2008.638888888889,2014
Electrical equipment and appliance mfg.,76298.0,2119.3888888888887,2015
Electrical equipment and appliance mfg.,75498.0,2097.1666666666665,2016
Electrical equipment and appliance mfg.,80412.39999997616,2233.6777777771154,2017
Electrical equipment and appliance mfg.,84354.51428568363,2343.1809523801007,2018
Electrical equipment and appliance mfg.,88787.6285713911,2466.3230158719753,2019
Electrical equipment and appliance mfg.,93711.74285709858,2603.1039682527385,2020
Transportation equipment manufacturing,99723.0,2770.083333333333,2011
Transportation equipment manufacturing,99712.0,2769.777777777778,2012
Transportation equipment manufacturing,104609.0,2905.8055555555547,2013
Transportation equipment manufacturing,113114.0,3142.0555555555547,2014
Transportation equipment manufacturing,110825.0,3078.472222222222,2015
Transportation equipment manufacturing,111757.0,3104.3611111111113,2016
Transportation equipment manufacturing,117075.0,3252.083333333333,2017
Transportation equipment manufacturing,117772.71428585052,3271.46428571807,2018
Transportation equipment manufacturing,119131.92857146263,3309.2202380961844,2019
Transportation equipment manufacturing,120139.52380955219,3337.208994709783,2020
Furniture and related product manufacturing,40447.0,1123.5277777777776,2011
Furniture and related product manufacturing,39534.0,1098.1666666666667,2012
Furniture and related product manufacturing,41340.0,1148.3333333333333,2013
Furniture and related product manufacturing,41686.0,1157.9444444444443,2014
Furniture and related product manufacturing,41966.0,1165.7222222222224,2015
Furniture and related product manufacturing,44802.0,1244.5,2016
Furniture and related product manufacturing,46506.0,1291.8333333333333,2017
Furniture and related product manufacturing,49103.285714268684,1363.9801587296856,2018
Furniture and related product manufacturing,52090.714285850525,1446.96428571807,2019
Furniture and related product manufacturing,55509.16666662693,1541.9212962951924,2020
Miscellaneous manufacturing,63033.0,1750.916666666667,2011
Miscellaneous manufacturing,64857.0,1801.583333333333,2012
Miscellaneous manufacturing,66858.0,1857.166666666667,2013
Miscellaneous manufacturing,67329.0,1870.25,2014
Miscellaneous manufacturing,69839.0,1939.9722222222226,2015
Miscellaneous manufacturing,69876.0,1941.0,2016
Miscellaneous manufacturing,72491.0,2013.638888888889,2017
Miscellaneous manufacturing,73412.71428570151,2039.2420634917087,2018
Miscellaneous manufacturing,74699.57142855227,2074.988095237563,2019
Miscellaneous manufacturing,75943.88095235825,2109.552248676618,2020
"Merchant wholesalers, durable goods",78608.0,2183.555555555556,2011
"Merchant wholesalers, durable goods",80254.0,2229.277777777778,2012
"Merchant wholesalers, durable goods",80343.0,2231.75,2013
"Merchant wholesalers, durable goods",82722.0,2297.833333333333,2014
"Merchant wholesalers, durable goods",86469.0,2401.9166666666665,2015
"Merchant wholesalers, durable goods",89443.0,2484.527777777778,2016
"Merchant wholesalers, durable goods",95070.0,2640.833333333333,2017
"Merchant wholesalers, durable goods",100552.14285731316,2793.1150793698102,2018
"Merchant wholesalers, durable goods",107162.42857146263,2976.734126985073,2019
"Merchant wholesalers, durable goods",114655.23809528351,3184.867724868986,2020
"Merchant wholesalers, nondurable goods",64622.0,1795.0555555555554,2011
"Merchant wholesalers, nondurable goods",65904.0,1830.666666666667,2012
"Merchant wholesalers, nondurable goods",65605.0,1822.361111111111,2013
"Merchant wholesalers, nondurable goods",66586.0,1849.611111111111,2014
"Merchant wholesalers, nondurable goods",67449.0,1873.583333333333,2015
"Merchant wholesalers, nondurable goods",68046.0,1890.166666666667,2016
"Merchant wholesalers, nondurable goods",70332.0,1953.666666666667,2017
"Merchant wholesalers, nondurable goods",71580.85714286566,1988.3571428573794,2018
"Merchant wholesalers, nondurable goods",73404.07142859697,2039.0019841276937,2019
"Merchant wholesalers, nondurable goods",75447.85714286566,2095.773809524046,2020
Electronic markets and agents and broker,91487.0,2541.305555555556,2011
Electronic markets and agents and broker,94836.0,2634.333333333333,2012
Electronic markets and agents and broker,94861.0,2635.027777777778,2013
Electronic markets and agents and broker,99481.0,2763.3611111111113,2014
Electronic markets and agents and broker,102831.0,2856.416666666666,2015
Electronic markets and agents and broker,107132.0,2975.888888888889,2016
Electronic markets and agents and broker,112231.0,3117.527777777778,2017
Electronic markets and agents and broker,117891.85714316368,3274.7738095323243,2018
Electronic markets and agents and broker,124233.42857146263,3450.928571429518,2019
Electronic markets and agents and broker,131231.90476226807,3645.33068784078,2020
Motor vehicle and parts dealers,49093.0,1363.6944444444443,2011
Motor vehicle and parts dealers,50183.0,1393.9722222222226,2012
Motor vehicle and parts dealers,52226.0,1450.7222222222226,2013
Motor vehicle and parts dealers,53548.0,1487.4444444444446,2014
Motor vehicle and parts dealers,53814.0,1494.833333333333,2015
Motor vehicle and parts dealers,55354.0,1537.611111111111,2016
Motor vehicle and parts dealers,57330.0,1592.5,2017
Motor vehicle and parts dealers,58284.5714285709,1619.0158730158582,2018
Motor vehicle and parts dealers,59572.071428569034,1654.7797619046953,2019
Motor vehicle and parts dealers,60854.880952378735,1690.4133597882983,2020
Furniture and home furnishings stores,35469.0,985.25,2011
Furniture and home furnishings stores,37196.0,1033.2222222222224,2012
Furniture and home furnishings stores,38599.0,1072.1944444444446,2013
Furniture and home furnishings stores,41423.0,1150.638888888889,2014
Furniture and home furnishings stores,44168.0,1226.888888888889,2015
Furniture and home furnishings stores,43120.0,1197.7777777777776,2016
Furniture and home furnishings stores,44777.5,1243.8194444444446,2017
Furniture and home furnishings stores,45333.5,1259.263888888889,2018
Furniture and home furnishings stores,45585.67857146263,1266.2688492072953,2019
Furniture and home furnishings stores,45534.035714268684,1264.8343253963524,2020
Electronics and appliance stores,43433.0,1206.4722222222224,2011
Electronics and appliance stores,44855.0,1245.9722222222224,2012
Electronics and appliance stores,46821.0,1300.5833333333333,2013
Electronics and appliance stores,48402.0,1344.5,2014
Electronics and appliance stores,51775.0,1438.1944444444446,2015
Electronics and appliance stores,57849.0,1606.916666666667,2016
Electronics and appliance stores,58945.0,1637.361111111111,2017
Electronics and appliance stores,64578.857142686844,1793.8571428524122,2018
Electronics and appliance stores,69756.00000023842,1937.6666666732892,2019
Electronics and appliance stores,75468.71428585052,2096.353174606959,2020
Building material and garden supply stores,33843.0,940.0833333333335,2011
Building material and garden supply stores,34519.0,958.8611111111113,2012
Building material and garden supply stores,34952.0,970.8888888888887,2013
Building material and garden supply stores,35125.0,975.6944444444445,2014
Building material and garden supply stores,37625.0,1045.138888888889,2015
Building material and garden supply stores,38360.0,1065.5555555555554,2016
Building material and garden supply stores,41842.0,1162.2777777777776,2017
Building material and garden supply stores,44401.714285612106,1233.380952378114,2018
Building material and garden supply stores,47792.214285612106,1327.5615079336696,2019
Building material and garden supply stores,51663.52380943298,1435.0978835953608,2020
Food and beverage stores,28963.0,804.5277777777777,2011
Food and beverage stores,29558.0,821.0555555555555,2012
Food and beverage stores,30194.0,838.7222222222223,2013
Food and beverage stores,30652.0,851.4444444444445,2014
Food and beverage stores,31365.0,871.25,2015
Food and beverage stores,31797.0,883.25,2016
Food and beverage stores,33135.0,920.4166666666665,2017
Food and beverage stores,33862.0,940.6111111111112,2018
Food and beverage stores,34854.14285713434,968.1706349203984,2019
Food and beverage stores,35922.595238119364,997.8498677255379,2020
Health and personal care stores,37540.0,1042.7777777777776,2011
Health and personal care stores,38240.0,1062.2222222222224,2012
Health and personal care stores,40477.0,1124.361111111111,2013
Health and personal care stores,40809.0,1133.5833333333333,2014
Health and personal care stores,40873.0,1135.361111111111,2015
Health and personal care stores,42459.0,1179.4166666666667,2016
Health and personal care stores,43862.0,1218.388888888889,2017
Health and personal care stores,44540.5714285709,1237.2380952380804,2018
Health and personal care stores,45503.857142856345,1263.9960317460095,2019
Health and personal care stores,46460.57142857276,1290.5714285714655,2020
Gasoline stations,21504.0,597.3333333333334,2011
Gasoline stations,21658.0,601.6111111111112,2012
Gasoline stations,21638.0,601.0555555555555,2013
Gasoline stations,22110.0,614.1666666666666,2014
Gasoline stations,23353.0,648.6944444444445,2015
Gasoline stations,24885.0,691.25,2016
Gasoline stations,26761.200000047684,743.3666666679911,2017
Gasoline stations,29108.971428632736,808.5825396842428,2018
Gasoline stations,31883.24285721779,885.6456349227163,2019
Gasoline stations,35084.01428580284,974.5559523834122,2020
Clothing and clothing accessories stores,21385.0,594.0277777777778,2011
Clothing and clothing accessories stores,21697.0,602.6944444444445,2012
Clothing and clothing accessories stores,22667.0,629.6388888888888,2013
Clothing and clothing accessories stores,24292.0,674.7777777777778,2014
Clothing and clothing accessories stores,25507.0,708.5277777777777,2015
Clothing and clothing accessories stores,25475.0,707.6388888888887,2016
Clothing and clothing accessories stores,26464.0,735.1111111111113,2017
Clothing and clothing accessories stores,27239.285714283586,756.6468253967663,2018
Clothing and clothing accessories stores,27892.785714298487,774.799603174958,2019
Clothing and clothing accessories stores,28488.07142856717,791.3353174601992,2020
"Sporting goods, hobby, book and music stores",21493.0,597.0277777777778,2011
"Sporting goods, hobby, book and music stores",21850.0,606.9444444444445,2012
"Sporting goods, hobby, book and music stores",22325.0,620.1388888888888,2013
"Sporting goods, hobby, book and music stores",23613.0,655.9166666666666,2014
"Sporting goods, hobby, book and music stores",25846.0,717.9444444444445,2015
"Sporting goods, hobby, book and music stores",27124.0,753.4444444444445,2016
"Sporting goods, hobby, book and music stores",29393.0,816.4722222222223,2017
"Sporting goods, hobby, book and music stores",32125.428571343422,892.3730158706506,2018
"Sporting goods, hobby, book and music stores",35131.285714149475,975.8690476152632,2019
"Sporting goods, hobby, book and music stores",38505.35714280605,1069.593253966835,2020
General merchandise stores,32298.0,897.1666666666665,2011
General merchandise stores,31921.0,886.6944444444445,2012
General merchandise stores,31826.0,884.0555555555555,2013
General merchandise stores,31855.0,884.8611111111113,2014
General merchandise stores,33501.0,930.5833333333335,2015
General merchandise stores,34293.0,952.5833333333335,2016
General merchandise stores,37283.0,1035.638888888889,2017
General merchandise stores,39836.42857146263,1106.5674603184063,2018
General merchandise stores,43225.214285612106,1200.7003968225586,2019
General merchandise stores,47197.428570985794,1311.039682527383,2020
Miscellaneous store retailers,25980.0,721.6666666666665,2011
Miscellaneous store retailers,26953.0,748.6944444444445,2012
Miscellaneous store retailers,27287.0,757.9722222222223,2013
Miscellaneous store retailers,28198.0,783.2777777777777,2014
Miscellaneous store retailers,28885.0,802.3611111111113,2015
Miscellaneous store retailers,30405.0,844.5833333333335,2016
Miscellaneous store retailers,32610.0,905.8333333333335,2017
Miscellaneous store retailers,34335.99999988079,953.7777777744664,2018
Miscellaneous store retailers,36597.357142686844,1016.5932539635234,2019
Miscellaneous store retailers,39135.90476179123,1087.108465605312,2020
Nonstore retailers,96346.0,2676.277777777778,2011
Nonstore retailers,102727.0,2853.527777777778,2012
Nonstore retailers,107678.0,2991.0555555555547,2013
Nonstore retailers,113622.0,3156.166666666666,2014
Nonstore retailers,120589.0,3349.6944444444453,2015
Nonstore retailers,183637.0,5101.027777777777,2016
Nonstore retailers,218931.4999961853,6081.430555449591,2017
Nonstore retailers,274730.9285736084,7631.414682600233,2018
Nonstore retailers,340937.4642829895,9470.48511897193,2019
Nonstore retailers,417551.1071395874,11598.641864988538,2020
Air transportation,73360.0,2037.7777777777774,2011
Air transportation,74732.0,2075.8888888888887,2012
Air transportation,79201.0,2200.027777777778,2013
Air transportation,81199.0,2255.527777777778,2014
Air transportation,85098.0,2363.833333333333,2015
Air transportation,89819.0,2494.972222222222,2016
Air transportation,90480.0,2513.333333333333,2017
Air transportation,94689.57142855972,2630.2658730155476,2018
Air transportation,97973.57142857462,2721.488095238184,2019
Air transportation,101293.45238096267,2813.7070105822963,2020
Water transportation,74701.0,2075.027777777778,2011
Water transportation,70263.0,1951.75,2012
Water transportation,71872.0,1996.4444444444446,2013
Water transportation,72828.0,2023.0,2014
Water transportation,78918.0,2192.1666666666665,2015
Water transportation,81652.0,2268.1111111111113,2016
Water transportation,88142.0,2448.3888888888887,2017
Water transportation,97007.99999952316,2694.666666653421,2018
Water transportation,107070.35714292526,2974.1765873034797,2019
Water transportation,118812.07142829895,3300.3353174527488,2020
Truck transportation,43402.0,1205.611111111111,2011
Truck transportation,44971.0,1249.1944444444443,2012
Truck transportation,45488.0,1263.5555555555557,2013
Truck transportation,46783.0,1299.5277777777776,2014
Truck transportation,48082.0,1335.611111111111,2015
Truck transportation,48764.0,1354.5555555555557,2016
Truck transportation,51431.0,1428.638888888889,2017
Truck transportation,52787.28571432829,1466.3134920646746,2018
Truck transportation,54688.57142865658,1519.1269841293495,2019
Truck transportation,56740.404761850834,1576.1223544958566,2020
Transit and ground passenger transportation,29306.0,814.0555555555555,2011
Transit and ground passenger transportation,30756.0,854.3333333333335,2012
Transit and ground passenger transportation,31861.0,885.0277777777777,2013
Transit and ground passenger transportation,32740.0,909.4444444444445,2014
Transit and ground passenger transportation,34119.0,947.75,2015
Transit and ground passenger transportation,38094.0,1058.1666666666667,2016
Transit and ground passenger transportation,41216.0,1144.888888888889,2017
Transit and ground passenger transportation,44923.71428608894,1247.8809523913594,2018
Transit and ground passenger transportation,49344.92857170105,1370.692460325029,2019
Transit and ground passenger transportation,54330.66666674614,1509.1851851873928,2020
Scenic and sightseeing transportation,37060.0,1029.4444444444446,2011
Scenic and sightseeing transportation,41925.0,1164.5833333333333,2012
Scenic and sightseeing transportation,40224.0,1117.3333333333333,2013
Scenic and sightseeing transportation,41113.0,1142.0277777777776,2014
Scenic and sightseeing transportation,46044.0,1279.0,2015
Scenic and sightseeing transportation,47080.0,1307.7777777777776,2016
Scenic and sightseeing transportation,48230.0,1339.7222222222224,2017
Scenic and sightseeing transportation,50644.28571429849,1406.7857142860692,2018
Scenic and sightseeing transportation,52759.35714286566,1465.537698412935,2019
Scenic and sightseeing transportation,54950.47619047761,1526.4021164021558,2020
Support activities for transportation,63312.0,1758.666666666667,2011
Support activities for transportation,62412.0,1733.666666666667,2012
Support activities for transportation,59904.0,1664.0,2013
Support activities for transportation,59679.0,1657.75,2014
Support activities for transportation,62864.0,1746.2222222222226,2015
Support activities for transportation,65346.0,1815.166666666667,2016
Support activities for transportation,65814.0,1828.166666666667,2017
Support activities for transportation,70610.7142856121,1961.4087301558918,2018
Support activities for transportation,75330.85714268684,2092.523809519079,2019
Support activities for transportation,80970.2857143879,2249.1746031774414,2020
Couriers and messengers,40543.0,1126.1944444444443,2011
Couriers and messengers,40964.0,1137.888888888889,2012
Couriers and messengers,42851.0,1190.3055555555557,2013
Couriers and messengers,42902.0,1191.7222222222224,2014
Couriers and messengers,42926.0,1192.388888888889,2015
Couriers and messengers,42104.0,1169.5555555555557,2016
Couriers and messengers,45472.0,1263.111111111111,2017
Couriers and messengers,45148.57142857462,1254.1269841270728,2018
Couriers and messengers,45882.5,1274.513888888889,2019
Couriers and messengers,46643.47619047761,1295.6521164021558,2020
Warehousing and storage,52235.0,1450.9722222222226,2011
Warehousing and storage,56400.0,1566.666666666667,2012
Warehousing and storage,60405.0,1677.916666666667,2013
Warehousing and storage,56272.0,1563.111111111111,2014
Warehousing and storage,56554.0,1570.9444444444446,2015
Warehousing and storage,54235.0,1506.5277777777774,2016
Warehousing and storage,56140.0,1559.4444444444446,2017
Warehousing and storage,51669.285714149475,1435.257936504152,2018
Warehousing and storage,48142.99999976158,1337.305555548933,2019
Warehousing and storage,43805.04761886597,1216.8068783018323,2020
"Publishing industries, except Internet",164300.0,4563.88888888889,2011
"Publishing industries, except Internet",180193.0,5005.36111111111,2012
"Publishing industries, except Internet",185398.0,5149.944444444444,2013
"Publishing industries, except Internet",206152.0,5726.444444444444,2014
"Publishing industries, except Internet",202617.0,5628.25,2015
"Publishing industries, except Internet",207948.0,5776.333333333332,2016
"Publishing industries, except Internet",223788.0,6216.333333333332,2017
"Publishing industries, except Internet",224768.0,6243.555555555556,2018
"Publishing industries, except Internet",228573.50000047684,6349.263888902134,2019
"Publishing industries, except Internet",231231.0714287758,6423.085317465994,2020
Motion picture and sound recording industries,33919.0,942.1944444444445,2011
Motion picture and sound recording industries,32679.0,907.75,2012
Motion picture and sound recording industries,31933.0,887.0277777777777,2013
Motion picture and sound recording industries,29407.0,816.8611111111113,2014
Motion picture and sound recording industries,32151.0,893.0833333333335,2015
Motion picture and sound recording industries,30975.0,860.4166666666665,2016
Motion picture and sound recording industries,31589.0,877.4722222222223,2017
Motion picture and sound recording industries,32876.14285707474,913.2261904742983,2018
Motion picture and sound recording industries,34404.714285731316,955.686507936981,2019
Motion picture and sound recording industries,36353.76190471649,1009.826719575458,2020
"Broadcasting, except Internet",76322.0,2120.055555555556,2011
"Broadcasting, except Internet",79578.0,2210.5,2012
"Broadcasting, except Internet",80934.0,2248.1666666666665,2013
"Broadcasting, except Internet",80759.0,2243.305555555556,2014
"Broadcasting, except Internet",83021.0,2306.1388888888887,2015
"Broadcasting, except Internet",85212.0,2367.0,2016
"Broadcasting, except Internet",86930.0,2414.722222222222,2017
"Broadcasting, except Internet",88470.57142856717,2457.515873015755,2018
"Broadcasting, except Internet",90229.71428570896,2506.3809523808045,2019
"Broadcasting, except Internet",92021.21428570896,2556.144841269693,2020
Internet publishing and broadcasting,0.0,0.0,2011
Internet publishing and broadcasting,0.0,0.0,2012
Internet publishing and broadcasting,0.0,0.0,2013
Internet publishing and broadcasting,0.0,0.0,2014
Internet publishing and broadcasting,0.0,0.0,2015
Internet publishing and broadcasting,0.0,0.0,2016
Internet publishing and broadcasting,0.0,0.0,2017
Internet publishing and broadcasting,0.0,0.0,2018
Internet publishing and broadcasting,0.0,0.0,2019
Internet publishing and broadcasting,0.0,0.0,2020
Telecommunications,97607.0,2711.305555555556,2011
Telecommunications,111885.0,3107.916666666666,2012
Telecommunications,108525.0,3014.583333333333,2013
Telecommunications,119664.0,3324.0,2014
Telecommunications,136903.0,3802.861111111111,2015
Telecommunications,140211.0,3894.75,2016
Telecommunications,144974.0,4027.0555555555547,2017
Telecommunications,154980.71428573132,4305.019841270315,2018
Telecommunications,162874.5,4524.291666666667,2019
Telecommunications,170719.83333332837,4742.217592592455,2020
"ISPs, search portals, and data processing",76173.0,2115.9166666666665,2011
"ISPs, search portals, and data processing",76858.0,2134.944444444445,2012
"ISPs, search portals, and data processing",81586.0,2266.277777777778,2013
"ISPs, search portals, and data processing",103135.0,2864.8611111111113,2014
"ISPs, search portals, and data processing",97822.0,2717.277777777778,2015
"ISPs, search portals, and data processing",117147.0,3254.083333333333,2016
"ISPs, search portals, and data processing",122645.0,3406.8055555555547,2017
"ISPs, search portals, and data processing",136417.42857170105,3789.3730158805847,2018
"ISPs, search portals, and data processing",149496.2857146263,4152.674603184064,2019
"ISPs, search portals, and data processing",163606.71428585052,4544.630952384737,2020
Other information services,111431.0,3095.3055555555547,2011
Other information services,126960.0,3526.666666666666,2012
Other information services,124411.0,3455.8611111111113,2013
Other information services,132417.0,3678.25,2014
Other information services,159830.0,4439.722222222223,2015
Other information services,191501.0,5319.472222222223,2016
Other information services,216137.0,6003.805555555556,2017
Other information services,256679.2857170105,7129.980158805847,2018
Other information services,301142.3571472168,8365.065476311578,2019
Other information services,351687.5476207733,9769.098545021481,2020
Credit intermediation and related activities,75534.0,2098.1666666666665,2011
Credit intermediation and related activities,84138.0,2337.1666666666665,2012
Credit intermediation and related activities,83993.0,2333.1388888888887,2013
Credit intermediation and related activities,83921.0,2331.1388888888887,2014
Credit intermediation and related activities,96166.0,2671.277777777778,2015
Credit intermediation and related activities,99331.0,2759.1944444444453,2016
Credit intermediation and related activities,102015.0,2833.75,2017
Credit intermediation and related activities,108383.42857134342,3010.6507936484286,2018
Credit intermediation and related activities,113981.7857143879,3166.1607142885528,2019
Credit intermediation and related activities,119855.95238101482,3329.332010583745,2020
Insurance carriers and related activities,84234.0,2339.833333333333,2011
Insurance carriers and related activities,86353.0,2398.694444444445,2012
Insurance carriers and related activities,88985.0,2471.805555555556,2013
Insurance carriers and related activities,89749.0,2493.027777777778,2014
Insurance carriers and related activities,93099.0,2586.083333333333,2015
Insurance carriers and related activities,97082.0,2696.722222222222,2016
Insurance carriers and related activities,96808.0,2689.1111111111113,2017
Insurance carriers and related activities,99938.00000000093,2776.0555555555816,2018
Insurance carriers and related activities,102194.4285714291,2838.7341269841418,2019
Insurance carriers and related activities,104449.95238095336,2901.3875661375932,2020
Real estate,50275.0,1396.5277777777774,2011
Real estate,53289.0,1480.25,2012
Real estate,54216.0,1506.0,2013
Real estate,56483.0,1568.9722222222226,2014
Real estate,59183.0,1643.9722222222226,2015
Real estate,62210.0,1728.0555555555554,2016
Real estate,64529.0,1792.4722222222226,2017
Real estate,67663.85714292526,1879.5515873034794,2018
Real estate,70851.14285719395,1968.0873015887207,2019
Real estate,74226.30952382088,2061.841931217247,2020
Rental and leasing services,47261.0,1312.8055555555557,2011
Rental and leasing services,46392.0,1288.6666666666667,2012
Rental and leasing services,47497.0,1319.361111111111,2013
Rental and leasing services,49315.0,1369.861111111111,2014
Rental and leasing services,51250.0,1423.611111111111,2015
Rental and leasing services,52416.0,1456.0,2016
Rental and leasing services,53520.0,1486.666666666667,2017
Rental and leasing services,56090.42857146263,1558.0674603184063,2018
Rental and leasing services,58440.07142859697,1623.3353174610272,2019
Rental and leasing services,61037.42857146263,1695.484126985073,2020
Lessors of nonfinancial intangible asset,63265.0,1757.361111111111,2011
Lessors of nonfinancial intangible asset,70419.0,1956.083333333333,2012
Lessors of nonfinancial intangible asset,73998.0,2055.5,2013
Lessors of nonfinancial intangible asset,60882.0,1691.166666666667,2014
Lessors of nonfinancial intangible asset,66122.0,1836.7222222222226,2015
Lessors of nonfinancial intangible asset,73093.0,2030.361111111111,2016
Lessors of nonfinancial intangible asset,116898.0,3247.166666666666,2017
Lessors of nonfinancial intangible asset,131425.0,3650.694444444445,2018
Lessors of nonfinancial intangible asset,162466.14285850525,4512.948412736257,2019
Lessors of nonfinancial intangible asset,199148.40476226807,5531.900132285224,2020
Professional and technical services,86648.0,2406.8888888888887,2011
Professional and technical services,90140.0,2503.8888888888887,2012
Professional and technical services,91942.0,2553.944444444445,2013
Professional and technical services,96120.0,2670.0,2014
Professional and technical services,96540.0,2681.6666666666665,2015
Professional and technical services,100020.0,2778.333333333333,2016
Professional and technical services,104371.0,2899.1944444444453,2017
Professional and technical services,106925.28571429849,2970.1468253971802,2018
Professional and technical services,110247.92857143283,3062.442460317579,2019
Professional and technical services,113693.64285713434,3158.1567460315096,2020
Management of companies and enterprises,109034.0,3028.722222222222,2011
Management of companies and enterprises,112578.0,3127.166666666666,2012
Management of companies and enterprises,110805.0,3077.916666666666,2013
Management of companies and enterprises,110545.0,3070.6944444444453,2014
Management of companies and enterprises,113573.0,3154.8055555555547,2015
Management of companies and enterprises,115440.0,3206.666666666666,2016
Management of companies and enterprises,117189.0,3255.25,2017
Management of companies and enterprises,119703.14285719395,3325.087301588721,2018
Management of companies and enterprises,122573.14285719395,3404.809523810943,2019
Management of companies and enterprises,125819.35714304447,3494.982142862347,2020
Administrative and support services,46924.0,1303.4444444444443,2011
Administrative and support services,49852.0,1384.7777777777774,2012
Administrative and support services,50205.0,1394.583333333333,2013
Administrative and support services,51953.0,1443.138888888889,2014
Administrative and support services,53660.0,1490.5555555555554,2015
Administrative and support services,55190.0,1533.0555555555554,2016
Administrative and support services,56433.0,1567.583333333333,2017
Administrative and support services,57750.42857140303,1604.178571427862,2018
Administrative and support services,58992.9999999702,1638.6944444436167,2019
Administrative and support services,60173.14285713434,1671.4761904759541,2020
Waste management and remediation service,55381.0,1538.361111111111,2011
Waste management and remediation service,56674.0,1574.2777777777774,2012
Waste management and remediation service,58573.0,1627.0277777777774,2013
Waste management and remediation service,60657.0,1684.916666666667,2014
Waste management and remediation service,64127.0,1781.3055555555554,2015
Waste management and remediation service,66632.0,1850.888888888889,2016
Waste management and remediation service,64538.0,1792.7222222222226,2017
Waste management and remediation service,66912.85714280605,1858.690476189057,2018
Waste management and remediation service,67610.78571426868,1878.0773809519078,2019
Waste management and remediation service,68043.64285707474,1890.1011904742982,2020
Educational services,36372.0,1010.3333333333335,2011
Educational services,36609.0,1016.9166666666665,2012
Educational services,37680.0,1046.6666666666667,2013
Educational services,37750.0,1048.611111111111,2014
Educational services,38863.0,1079.5277777777776,2015
Educational services,38695.0,1074.861111111111,2016
Educational services,39196.700000047684,1088.797222223547,2017
Educational services,39458.471428632736,1096.0686507953537,2018
Educational services,39653.92142856121,1101.4978174600335,2019
Educational services,39783.05000001192,1105.0847222225534,2020
Hospitals,73983.0,2055.083333333333,2011
Hospitals,75799.0,2105.527777777778,2012
Hospitals,77804.0,2161.222222222222,2013
Hospitals,79336.0,2203.777777777778,2014
Hospitals,82955.0,2304.305555555556,2015
Hospitals,82811.0,2300.305555555556,2016
Hospitals,87202.0,2422.277777777778,2017
Hospitals,89289.42857134342,2480.2619047595394,2018
Hospitals,92065.9999999404,2557.388888887233,2019
Hospitals,94992.66666662693,2638.6851851840815,2020
Nursing and residential care facilities,30899.0,858.3055555555555,2011
Nursing and residential care facilities,31262.0,868.3888888888887,2012
Nursing and residential care facilities,32426.0,900.7222222222223,2013
Nursing and residential care facilities,36242.0,1006.7222222222223,2014
Nursing and residential care facilities,34053.0,945.9166666666665,2015
Nursing and residential care facilities,35083.0,974.5277777777777,2016
Nursing and residential care facilities,36921.0,1025.5833333333333,2017
Nursing and residential care facilities,36987.9999999702,1027.4444444436165,2018
Nursing and residential care facilities,37395.85714286566,1038.773809524046,2019
Nursing and residential care facilities,37677.40476191044,1046.5945767197343,2020
Social assistance,25470.0,707.5,2011
Social assistance,26020.0,722.7777777777777,2012
Social assistance,26318.0,731.0555555555555,2013
Social assistance,21984.0,610.6666666666666,2014
Social assistance,24698.0,686.0555555555555,2015
Social assistance,26760.0,743.3333333333335,2016
Social assistance,28550.0,793.0555555555555,2017
Social assistance,31145.14285683632,865.1428571343422,2018
Social assistance,34589.714285850525,960.8253968291812,2019
Social assistance,38727.5238096714,1075.76455026865,2020
Performing arts and spectator sports,66676.0,1852.111111111111,2011
Performing arts and spectator sports,66366.0,1843.5,2012
Performing arts and spectator sports,74472.0,2068.6666666666665,2013
Performing arts and spectator sports,82266.0,2285.1666666666665,2014
Performing arts and spectator sports,83112.0,2308.6666666666665,2016
Performing arts and spectator sports,86992.0,2416.444444444445,2017
Performing arts and spectator sports,82182.20000004768,2282.838888890213,2015
Performing arts and spectator sports,87647.11428570747,2434.6420634918745,2018
Performing arts and spectator sports,88007.48571443558,2444.6523809565438,2019
Performing arts and spectator sports,87637.22380971909,2434.3673280477524,2020
"Museums, historical sites, zoos, and parks",34190.0,949.7222222222223,2011
"Museums, historical sites, zoos, and parks",34044.0,945.6666666666665,2012
"Museums, historical sites, zoos, and parks",34989.0,971.9166666666665,2013
"Museums, historical sites, zoos, and parks",36594.0,1016.5,2014
"Museums, historical sites, zoos, and parks",38136.0,1059.3333333333333,2016
"Museums, historical sites, zoos, and parks",39573.0,1099.25,2017
"Museums, historical sites, zoos, and parks",37098.800000071526,1030.522222224209,2015
"Museums, historical sites, zoos, and parks",41034.742857158184,1139.853968254394,2018
"Museums, historical sites, zoos, and parks",42640.800000071526,1184.4666666686535,2019
"Museums, historical sites, zoos, and parks",44393.89523810148,1233.16375661393,2020
"Amusements, gambling, and recreation",19184.0,532.8888888888888,2011
"Amusements, gambling, and recreation",19321.0,536.6944444444445,2012
"Amusements, gambling, and recreation",20772.0,577.0,2013
"Amusements, gambling, and recreation",22091.0,613.6388888888888,2014
"Amusements, gambling, and recreation",23176.0,643.7777777777778,2016
"Amusements, gambling, and recreation",23873.0,663.1388888888888,2017
"Amusements, gambling, and recreation",22503.400000035763,625.0944444454378,2015
"Amusements, gambling, and recreation",24503.371428579092,680.6492063494192,2018
"Amusements, gambling, and recreation",25031.685714304447,695.3246031751236,2019
"Amusements, gambling, and recreation",25490.82857146859,708.078571429683,2020
Accommodation,29844.0,829.0,2011
Accommodation,30308.0,841.8888888888887,2012
Accommodation,31504.0,875.1111111111113,2013
Accommodation,33248.0,923.5555555555555,2014
Accommodation,34290.0,952.5,2015
Accommodation,35732.0,992.5555555555555,2016
Accommodation,37757.0,1048.8055555555554,2017
Accommodation,39669.57142859697,1101.9325396832494,2018
Accommodation,41821.92857140303,1161.7202380945284,2019
Accommodation,44155.97619044781,1226.5548941791058,2020
Food services and drinking places,19911.0,553.0833333333334,2011
Food services and drinking places,20630.0,573.0555555555555,2012
Food services and drinking places,21086.0,585.7222222222222,2013
Food services and drinking places,21764.0,604.5555555555555,2014
Food services and drinking places,23053.0,640.3611111111112,2015
Food services and drinking places,24454.0,679.2777777777778,2016
Food services and drinking places,25798.0,716.6111111111113,2017
Food services and drinking places,27577.714285731316,766.0476190480921,2018
Food services and drinking places,29523.857142806053,820.1071428557237,2019
Food services and drinking places,31685.999999940395,880.1666666650109,2020
Repair and maintenance,43713.0,1214.25,2011
Repair and maintenance,44406.0,1233.5,2012
Repair and maintenance,46756.0,1298.7777777777776,2013
Repair and maintenance,46865.0,1301.8055555555557,2014
Repair and maintenance,48712.0,1353.111111111111,2015
Repair and maintenance,49554.0,1376.5,2016
Repair and maintenance,51587.0,1432.9722222222226,2017
Repair and maintenance,52871.85714285076,1468.6626984125212,2018
Repair and maintenance,54435.5,1512.0972222222224,2019
Repair and maintenance,56061.904761880636,1557.2751322744623,2020
Personal and laundry services,28708.0,797.4444444444445,2011
Personal and laundry services,29354.0,815.3888888888887,2012
Personal and laundry services,30275.0,840.9722222222223,2013
Personal and laundry services,30192.0,838.6666666666665,2014
Personal and laundry services,30273.0,840.9166666666665,2015
Personal and laundry services,33261.0,923.9166666666665,2016
Personal and laundry services,32253.0,895.9166666666665,2017
Personal and laundry services,33593.71428568661,933.1587301579615,2018
Personal and laundry services,34508.92857140303,958.5813492056396,2019
Personal and laundry services,35481.11904759705,985.5866402110291,2020
Membership associations and organization,46470.0,1290.8333333333333,2011
Membership associations and organization,48691.0,1352.5277777777776,2012
Membership associations and organization,51381.0,1427.25,2013
Membership associations and organization,53460.0,1485.0,2014
Membership associations and organization,55361.0,1537.8055555555554,2015
Membership associations and organization,56593.0,1572.0277777777774,2016
Membership associations and organization,58609.0,1628.0277777777774,2017
Membership associations and organization,59727.85714292526,1659.107142859035,2018
Membership associations and organization,60806.0,1689.0555555555557,2019
Membership associations and organization,61677.69047623873,1713.2691798955202,2020
Private households,15803.0,438.97222222222223,2011
Private households,16269.0,451.91666666666674,2012
Private households,17073.0,474.25,2013
Private households,35208.0,978.0,2014
Private households,35787.0,994.0833333333335,2015
Private households,37443.0,1040.0833333333333,2016
Private households,40321.0,1120.0277777777776,2017
Private households,44818.285714268684,1244.952380951908,2018
Private households,47612.57142841816,1322.571428567171,2019
Private households,49959.42857146263,1387.7619047628507,2020
Min Wage for Small Business w/ Bene or Tips,17520.0,486.66666666666674,2011
Min Wage for Small Business w/ Bene or Tips,18080.0,502.22222222222223,2012
Min Wage for Small Business w/ Bene or Tips,18380.0,510.55555555555566,2013
Min Wage for Small Business w/ Bene or Tips,18640.0,517.7777777777777,2014
Min Wage for Small Business w/ Bene or Tips,20000.0,555.5555555555555,2015
Min Wage for Small Business w/ Bene or Tips,21000.0,583.3333333333334,2016
Min Wage for Small Business w/ Bene or Tips,22000.0,611.1111111111112,2017
Min Wage for Small Business w/ Bene or Tips,23488.57142853737,652.4603174593714,2018
Min Wage for Small Business w/ Bene or Tips,25081.42857146263,696.7063492072953,2019
Min Wage for Small Business w/ Bene or Tips,26862.38095229864,746.1772486749622,2020
Min Wage for Small Business,17520.0,486.66666666666674,2011
Min Wage for Small Business,18080.0,502.22222222222223,2012
Min Wage for Small Business,18380.0,510.55555555555566,2013
Min Wage for Small Business,18640.0,517.7777777777777,2014
Min Wage for Small Business,22000.0,611.1111111111112,2015
Min Wage for Small Business,24000.0,666.6666666666666,2016
Min Wage for Small Business,26000.0,722.2222222222223,2017
Min Wage for Small Business,29631.42857146263,823.0952380961843,2018
Min Wage for Small Business,33438.57142853737,928.8492063482603,2019
Min Wage for Small Business,37767.14285707474,1049.0873015854093,2020
Min Wage for Lage Business w/ Bene,17520.0,486.66666666666674,2011
Min Wage for Lage Business w/ Bene,18080.0,502.22222222222223,2012
Min Wage for Lage Business w/ Bene,18380.0,510.55555555555566,2013
Min Wage for Lage Business w/ Bene,18640.0,517.7777777777777,2014
Min Wage for Lage Business w/ Bene,22000.0,611.1111111111112,2015
Min Wage for Lage Business w/ Bene,25000.0,694.4444444444445,2016
Min Wage for Lage Business w/ Bene,27000.0,750.0,2017
Min Wage for Lage Business w/ Bene,31345.714285850525,870.7142857180702,2018
Min Wage for Lage Business w/ Bene,35867.14285707474,996.3095238076316,2019
Min Wage for Lage Business w/ Bene,41029.047619104385,1139.695767197344,2020
Min Wage for Large Business,17520.0,486.66666666666674,2011
Min Wage for Large Business,18080.0,502.22222222222223,2012
Min Wage for Large Business,18380.0,510.55555555555566,2013
Min Wage for Large Business,18640.0,517.7777777777777,2014
Min Wage for Large Business,22000.0,611.1111111111112,2015
Min Wage for Large Business,26000.0,722.2222222222223,2016
Min Wage for Large Business,30000.0,833.3333333333335,2017
Min Wage for Large Business,35631.42857122421,989.7619047562281,2018
Min Wage for Large Business,42152.85714292526,1170.9126984145907,2019
Min Wage for Large Business,49671.90476179123,1379.7751322719787,2020
